LABEL;#TS;TEMP;TIMESTAMP
BEGIN_TS;1;0.0;2024-06-20 14:50:52.230458;END_TS;2024-06-20 14:51:39.681413
BEGIN_TS;2;0.0;2024-06-20 14:51:39.681459;END_TS;2024-06-20 14:51:49.676521
BEGIN_TS;3;0.0;2024-06-20 14:51:49.676560;END_TS;2024-06-20 14:56:35.527843
BEGIN_TS;4;0.0;2024-06-20 14:56:35.527888;END_TS;2024-06-20 15:01:34.722142
BEGIN_TS;5;0.0;2024-06-20 15:01:34.722183;END_TS;2024-06-20 15:02:03.701793
BEGIN_TS;6;0.0;2024-06-20 15:02:03.701845;END_TS;2024-06-20 15:02:49.667983
BEGIN_TS;7;0.0;2024-06-20 15:02:49.668033;END_TS;2024-06-20 15:07:27.110019
BEGIN_TS;8;0.0;2024-06-20 15:07:27.110059;END_TS;2024-06-20 15:12:26.597645
BEGIN_TS;9;0.0;2024-06-20 15:12:26.597685;END_TS;2024-06-20 15:12:48.427980
BEGIN_TS;10;0.0;2024-06-20 15:12:48.428036;END_TS;2024-06-20 15:13:20.358330
BEGIN_TS;11;0.0;2024-06-20 15:13:20.358371;END_TS;2024-06-20 15:14:11.354918
BEGIN_TS;12;0.0;2024-06-20 15:14:11.354970;END_TS;2024-06-20 15:14:43.813994
BEGIN_TS;13;0.0;2024-06-20 15:14:43.814038;END_TS;2024-06-20 15:15:15.252930
BEGIN_TS;14;0.0;2024-06-20 15:15:15.252974;END_TS;2024-06-20 15:15:46.583009
BEGIN_TS;15;0.0;2024-06-20 15:15:46.583060;END_TS;2024-06-20 15:16:35.735567
BEGIN_TS;16;0.0;2024-06-20 15:16:35.735609;END_TS;2024-06-20 15:17:22.737858
BEGIN_TS;17;0.0;2024-06-20 15:17:22.737912;END_TS;2024-06-20 15:18:00.932323
BEGIN_TS;18;0.0;2024-06-20 15:18:00.932365;END_TS;2024-06-20 15:18:37.082205
BEGIN_TS;19;0.0;2024-06-20 15:18:37.082246;END_TS;2024-06-20 15:19:36.368764
BEGIN_TS;20;0.0;2024-06-20 15:19:36.368808;END_TS;2024-06-20 15:24:33.120666
BEGIN_TS;21;0.0;2024-06-20 15:24:33.120706;END_TS;2024-06-20 15:29:24.960789
BEGIN_TS;22;0.0;2024-06-20 15:29:24.960829;END_TS;2024-06-20 15:30:12.576682
BEGIN_TS;23;0.0;2024-06-20 15:30:12.576727;END_TS;2024-06-20 15:30:49.131631
BEGIN_TS;24;0.0;2024-06-20 15:30:49.131680;END_TS;2024-06-20 15:35:38.821422
BEGIN_TS;25;0.0;2024-06-20 15:35:38.821463;END_TS;2024-06-20 15:36:03.703344
BEGIN_TS;26;0.0;2024-06-20 15:36:03.703395;END_TS;2024-06-20 15:36:30.019059
BEGIN_TS;27;0.0;2024-06-20 15:36:30.019100;END_TS;2024-06-20 15:41:49.610299
BEGIN_TS;28;0.0;2024-06-20 15:41:49.610343;END_TS;2024-06-20 15:46:23.940007
BEGIN_TS;29;0.0;2024-06-20 15:46:23.940048;END_TS;2024-06-20 15:46:49.437444
BEGIN_TS;30;0.0;2024-06-20 15:46:49.437486;END_TS;2024-06-20 15:50:59.496303
BEGIN_TS;31;0.1;2024-06-20 15:50:59.496346;END_TS;2024-06-20 15:55:32.483671
BEGIN_TS;32;0.1;2024-06-20 15:55:32.483719;END_TS;2024-06-20 15:56:11.786238
BEGIN_TS;33;0.1;2024-06-20 15:56:11.786283;END_TS;2024-06-20 15:56:36.078216
BEGIN_TS;34;0.1;2024-06-20 15:56:36.078266;END_TS;2024-06-20 15:56:58.146508
BEGIN_TS;35;0.1;2024-06-20 15:56:58.146555;END_TS;2024-06-20 16:01:19.630808
BEGIN_TS;36;0.1;2024-06-20 16:01:19.630852;END_TS;2024-06-20 16:02:01.737031
BEGIN_TS;37;0.1;2024-06-20 16:02:01.737086;END_TS;2024-06-20 16:02:11.711225
BEGIN_TS;38;0.1;2024-06-20 16:02:11.711265;END_TS;2024-06-20 16:02:58.553589
BEGIN_TS;39;0.1;2024-06-20 16:02:58.553642;END_TS;2024-06-20 16:08:10.866069
BEGIN_TS;40;0.1;2024-06-20 16:08:10.866116;END_TS;2024-06-20 16:12:37.817417
BEGIN_TS;41;0.1;2024-06-20 16:12:37.817463;END_TS;2024-06-20 16:17:28.931274
BEGIN_TS;42;0.1;2024-06-20 16:17:28.931317;END_TS;2024-06-20 16:18:23.204796
BEGIN_TS;43;0.1;2024-06-20 16:18:23.204845;END_TS;2024-06-20 16:18:59.455371
BEGIN_TS;44;0.1;2024-06-20 16:18:59.455425;END_TS;2024-06-20 16:19:31.203991
BEGIN_TS;45;0.1;2024-06-20 16:19:31.204034;END_TS;2024-06-20 16:20:06.422162
BEGIN_TS;46;0.1;2024-06-20 16:20:06.422210;END_TS;2024-06-20 16:25:25.404348
BEGIN_TS;47;0.1;2024-06-20 16:25:25.404395;END_TS;2024-06-20 16:26:11.075827
BEGIN_TS;48;0.1;2024-06-20 16:26:11.075872;END_TS;2024-06-20 16:26:47.733127
BEGIN_TS;49;0.1;2024-06-20 16:26:47.733177;END_TS;2024-06-20 16:27:21.217868
BEGIN_TS;50;0.1;2024-06-20 16:27:21.217913;END_TS;2024-06-20 16:27:45.179177
BEGIN_TS;51;0.1;2024-06-20 16:27:45.179220;END_TS;2024-06-20 16:28:22.350528
BEGIN_TS;52;0.1;2024-06-20 16:28:22.350576;END_TS;2024-06-20 16:28:45.407775
BEGIN_TS;53;0.1;2024-06-20 16:28:45.407829;END_TS;2024-06-20 16:29:24.404306
BEGIN_TS;54;0.1;2024-06-20 16:29:24.404350;END_TS;2024-06-20 16:33:59.665987
BEGIN_TS;55;0.1;2024-06-20 16:33:59.666033;END_TS;2024-06-20 16:38:37.055963
BEGIN_TS;56;0.1;2024-06-20 16:38:37.056008;END_TS;2024-06-20 16:43:19.370482
BEGIN_TS;57;0.1;2024-06-20 16:43:19.370526;END_TS;2024-06-20 16:47:56.704851
BEGIN_TS;58;0.1;2024-06-20 16:47:56.704898;END_TS;2024-06-20 16:53:06.124131
BEGIN_TS;59;0.1;2024-06-20 16:53:06.124177;END_TS;2024-06-20 16:53:46.057233
BEGIN_TS;60;0.1;2024-06-20 16:53:46.057281;END_TS;2024-06-20 16:54:15.791270
BEGIN_TS;61;0.2;2024-06-20 16:54:15.791322;END_TS;2024-06-20 16:54:49.828875
BEGIN_TS;62;0.2;2024-06-20 16:54:49.828920;END_TS;2024-06-20 16:55:16.386181
BEGIN_TS;63;0.2;2024-06-20 16:55:16.386225;END_TS;2024-06-20 16:55:56.617004
BEGIN_TS;64;0.2;2024-06-20 16:55:56.617048;END_TS;2024-06-20 16:56:22.114777
BEGIN_TS;65;0.2;2024-06-20 16:56:22.114825;END_TS;2024-06-20 16:57:00.674791
BEGIN_TS;66;0.2;2024-06-20 16:57:00.674839;END_TS;2024-06-20 17:01:26.722800
BEGIN_TS;67;0.2;2024-06-20 17:01:26.722847;END_TS;2024-06-20 17:06:23.631877
BEGIN_TS;68;0.2;2024-06-20 17:06:23.631924;END_TS;2024-06-20 17:07:07.845452
BEGIN_TS;69;0.2;2024-06-20 17:07:07.845497;END_TS;2024-06-20 17:07:37.236106
BEGIN_TS;70;0.2;2024-06-20 17:07:37.236154;END_TS;2024-06-20 17:08:44.708655
BEGIN_TS;71;0.2;2024-06-20 17:08:44.708707;END_TS;2024-06-20 17:14:00.514738
BEGIN_TS;72;0.2;2024-06-20 17:14:00.514787;END_TS;2024-06-20 17:14:26.219428
BEGIN_TS;73;0.2;2024-06-20 17:14:26.219476;END_TS;2024-06-20 17:14:55.402599
BEGIN_TS;74;0.2;2024-06-20 17:14:55.402644;END_TS;2024-06-20 17:15:20.738791
BEGIN_TS;75;0.2;2024-06-20 17:15:20.738839;END_TS;2024-06-20 17:15:49.467701
BEGIN_TS;76;0.2;2024-06-20 17:15:49.467749;END_TS;2024-06-20 17:16:01.920838
BEGIN_TS;77;0.2;2024-06-20 17:16:01.920880;END_TS;2024-06-20 17:16:30.938817
BEGIN_TS;78;0.2;2024-06-20 17:16:30.938860;END_TS;2024-06-20 17:16:43.079484
BEGIN_TS;79;0.2;2024-06-20 17:16:43.079524;END_TS;2024-06-20 17:21:52.781790
BEGIN_TS;80;0.2;2024-06-20 17:21:52.781835;END_TS;2024-06-20 17:22:30.381123
BEGIN_TS;81;0.2;2024-06-20 17:22:30.381168;END_TS;2024-06-20 17:22:55.859544
BEGIN_TS;82;0.2;2024-06-20 17:22:55.859587;END_TS;2024-06-20 17:23:07.992032
BEGIN_TS;83;0.2;2024-06-20 17:23:07.992076;END_TS;2024-06-20 17:23:31.487576
BEGIN_TS;84;0.2;2024-06-20 17:23:31.487602;END_TS;2024-06-20 17:23:42.098182
BEGIN_TS;85;0.2;2024-06-20 17:23:42.098222;END_TS;2024-06-20 17:24:12.649992
BEGIN_TS;86;0.2;2024-06-20 17:24:12.650019;END_TS;2024-06-20 17:24:37.841390
BEGIN_TS;87;0.2;2024-06-20 17:24:37.841438;END_TS;2024-06-20 17:24:48.119862
BEGIN_TS;88;0.2;2024-06-20 17:24:48.119908;END_TS;2024-06-20 17:24:59.827059
BEGIN_TS;89;0.2;2024-06-20 17:24:59.827103;END_TS;2024-06-20 17:25:39.588644
BEGIN_TS;90;0.2;2024-06-20 17:25:39.588694;END_TS;2024-06-20 17:26:16.452619
BEGIN_TS;91;0.3;2024-06-20 17:26:16.452677;END_TS;2024-06-20 17:30:16.988616
BEGIN_TS;92;0.3;2024-06-20 17:30:16.988663;END_TS;2024-06-20 17:30:41.564887
BEGIN_TS;93;0.3;2024-06-20 17:30:41.564935;END_TS;2024-06-20 17:31:06.773024
BEGIN_TS;94;0.3;2024-06-20 17:31:06.773077;END_TS;2024-06-20 17:36:00.436709
BEGIN_TS;95;0.3;2024-06-20 17:36:00.436754;END_TS;2024-06-20 17:36:25.934027
BEGIN_TS;96;0.3;2024-06-20 17:36:25.934071;END_TS;2024-06-20 17:36:36.845524
BEGIN_TS;97;0.3;2024-06-20 17:36:36.845563;END_TS;2024-06-20 17:37:06.484439
BEGIN_TS;98;0.3;2024-06-20 17:37:06.484484;END_TS;2024-06-20 17:37:17.711393
BEGIN_TS;99;0.3;2024-06-20 17:37:17.711433;END_TS;2024-06-20 17:37:40.969855
BEGIN_TS;100;0.3;2024-06-20 17:37:40.969897;END_TS;2024-06-20 17:38:22.977530
BEGIN_TS;101;0.3;2024-06-20 17:38:22.977586;END_TS;2024-06-20 17:39:44.078601
BEGIN_TS;102;0.3;2024-06-20 17:39:44.078647;END_TS;2024-06-20 17:40:15.719032
BEGIN_TS;103;0.3;2024-06-20 17:40:15.719080;END_TS;2024-06-20 17:40:40.294944
BEGIN_TS;104;0.3;2024-06-20 17:40:40.295001;END_TS;2024-06-20 17:41:03.960946
BEGIN_TS;105;0.3;2024-06-20 17:41:03.961001;END_TS;2024-06-20 17:41:35.283496
BEGIN_TS;106;0.3;2024-06-20 17:41:35.283548;END_TS;2024-06-20 17:46:00.396040
BEGIN_TS;107;0.3;2024-06-20 17:46:00.396091;END_TS;2024-06-20 17:50:45.167211
BEGIN_TS;108;0.3;2024-06-20 17:50:45.167257;END_TS;2024-06-20 17:51:08.515927
BEGIN_TS;109;0.3;2024-06-20 17:51:08.515982;END_TS;2024-06-20 17:51:17.900176
BEGIN_TS;110;0.3;2024-06-20 17:51:17.900216;END_TS;2024-06-20 17:52:55.119038
BEGIN_TS;111;0.3;2024-06-20 17:52:55.119083;END_TS;2024-06-20 17:53:24.623059
BEGIN_TS;112;0.3;2024-06-20 17:53:24.623118;END_TS;2024-06-20 17:53:45.748418
BEGIN_TS;113;0.3;2024-06-20 17:53:45.748475;END_TS;2024-06-20 17:53:50.322903
BEGIN_TS;114;0.3;2024-06-20 17:53:50.322943;END_TS;2024-06-20 17:54:13.447838
BEGIN_TS;115;0.3;2024-06-20 17:54:13.447865;END_TS;2024-06-20 17:58:21.049615
BEGIN_TS;116;0.3;2024-06-20 17:58:21.049641;END_TS;2024-06-20 17:58:44.763238
BEGIN_TS;117;0.3;2024-06-20 17:58:44.763296;END_TS;2024-06-20 17:59:15.747781
BEGIN_TS;118;0.3;2024-06-20 17:59:15.747833;END_TS;2024-06-20 18:03:49.854866
BEGIN_TS;119;0.3;2024-06-20 18:03:49.854909;END_TS;2024-06-20 18:04:37.386428
BEGIN_TS;120;0.3;2024-06-20 18:04:37.386454;END_TS;2024-06-20 18:04:55.056565
BEGIN_TS;121;0.4;2024-06-20 18:04:55.056605;END_TS;2024-06-20 18:06:00.950311
BEGIN_TS;122;0.4;2024-06-20 18:06:00.950362;END_TS;2024-06-20 18:06:41.486663
BEGIN_TS;123;0.4;2024-06-20 18:06:41.486710;END_TS;2024-06-20 18:07:14.664643
BEGIN_TS;124;0.4;2024-06-20 18:07:14.664701;END_TS;2024-06-20 18:07:26.982123
BEGIN_TS;125;0.4;2024-06-20 18:07:26.982163;END_TS;2024-06-20 18:07:49.702991
BEGIN_TS;126;0.4;2024-06-20 18:07:49.703043;END_TS;2024-06-20 18:08:00.908917
BEGIN_TS;127;0.4;2024-06-20 18:08:00.908959;END_TS;2024-06-20 18:08:25.028076
BEGIN_TS;128;0.4;2024-06-20 18:08:25.028131;END_TS;2024-06-20 18:08:51.741981
BEGIN_TS;129;0.4;2024-06-20 18:08:51.742030;END_TS;2024-06-20 18:09:10.619330
BEGIN_TS;130;0.4;2024-06-20 18:09:10.619371;END_TS;2024-06-20 18:09:20.182274
BEGIN_TS;131;0.4;2024-06-20 18:09:20.182319;END_TS;2024-06-20 18:09:30.616587
BEGIN_TS;132;0.4;2024-06-20 18:09:30.616629;END_TS;2024-06-20 18:09:59.326194
BEGIN_TS;133;0.4;2024-06-20 18:09:59.326241;END_TS;2024-06-20 18:10:24.208181
BEGIN_TS;134;0.4;2024-06-20 18:10:24.208252;END_TS;2024-06-20 18:10:42.948395
BEGIN_TS;135;0.4;2024-06-20 18:10:42.948440;END_TS;2024-06-20 18:10:55.070639
BEGIN_TS;136;0.4;2024-06-20 18:10:55.070679;END_TS;2024-06-20 18:11:17.968524
BEGIN_TS;137;0.4;2024-06-20 18:11:17.968573;END_TS;2024-06-20 18:11:40.699451
BEGIN_TS;138;0.4;2024-06-20 18:11:40.699495;END_TS;2024-06-20 18:16:11.489190
BEGIN_TS;139;0.4;2024-06-20 18:16:11.489228;END_TS;2024-06-20 18:16:20.570155
BEGIN_TS;140;0.4;2024-06-20 18:16:20.570196;END_TS;2024-06-20 18:17:02.337066
BEGIN_TS;141;0.4;2024-06-20 18:17:02.337117;END_TS;2024-06-20 18:17:12.923952
BEGIN_TS;142;0.4;2024-06-20 18:17:12.923992;END_TS;2024-06-20 18:18:01.173014
BEGIN_TS;143;0.4;2024-06-20 18:18:01.173062;END_TS;2024-06-20 18:18:28.371346
BEGIN_TS;144;0.4;2024-06-20 18:18:28.371391;END_TS;2024-06-20 18:18:54.753505
BEGIN_TS;145;0.4;2024-06-20 18:18:54.753533;END_TS;2024-06-20 18:23:33.707049
BEGIN_TS;146;0.4;2024-06-20 18:23:33.707095;END_TS;2024-06-20 18:24:07.746974
BEGIN_TS;147;0.4;2024-06-20 18:24:07.747028;END_TS;2024-06-20 18:27:41.613284
BEGIN_TS;148;0.4;2024-06-20 18:27:41.613333;END_TS;2024-06-20 18:28:15.098643
BEGIN_TS;149;0.4;2024-06-20 18:28:15.098706;END_TS;2024-06-20 18:28:38.341744
BEGIN_TS;150;0.4;2024-06-20 18:28:38.341793;END_TS;2024-06-20 18:32:52.185176
BEGIN_TS;151;0.5;2024-06-20 18:32:52.185225;END_TS;2024-06-20 18:36:54.871646
BEGIN_TS;152;0.5;2024-06-20 18:36:54.871690;END_TS;2024-06-20 18:37:49.246675
BEGIN_TS;153;0.5;2024-06-20 18:37:49.246720;END_TS;2024-06-20 18:38:21.502731
BEGIN_TS;154;0.5;2024-06-20 18:38:21.502781;END_TS;2024-06-20 18:42:43.243998
BEGIN_TS;155;0.5;2024-06-20 18:42:43.244046;END_TS;2024-06-20 18:43:08.736332
BEGIN_TS;156;0.5;2024-06-20 18:43:08.736378;END_TS;2024-06-20 18:43:24.257420
BEGIN_TS;157;0.5;2024-06-20 18:43:24.257463;END_TS;2024-06-20 18:43:46.208939
BEGIN_TS;158;0.5;2024-06-20 18:43:46.208998;END_TS;2024-06-20 18:44:01.100392
BEGIN_TS;159;0.5;2024-06-20 18:44:01.100434;END_TS;2024-06-20 18:44:15.580372
BEGIN_TS;160;0.5;2024-06-20 18:44:15.580411;END_TS;2024-06-20 18:44:25.390262
BEGIN_TS;161;0.5;2024-06-20 18:44:25.390306;END_TS;2024-06-20 18:46:54.524052
BEGIN_TS;162;0.5;2024-06-20 18:46:54.524099;END_TS;2024-06-20 18:47:06.663247
BEGIN_TS;163;0.5;2024-06-20 18:47:06.663287;END_TS;2024-06-20 18:47:29.544484
BEGIN_TS;164;0.5;2024-06-20 18:47:29.544533;END_TS;2024-06-20 18:52:12.165741
BEGIN_TS;165;0.5;2024-06-20 18:52:12.165786;END_TS;2024-06-20 18:52:47.492717
BEGIN_TS;166;0.5;2024-06-20 18:52:47.492765;END_TS;2024-06-20 18:53:10.721686
BEGIN_TS;167;0.5;2024-06-20 18:53:10.721731;END_TS;2024-06-20 18:53:31.320074
BEGIN_TS;168;0.5;2024-06-20 18:53:31.320117;END_TS;2024-06-20 18:53:40.737108
BEGIN_TS;169;0.5;2024-06-20 18:53:40.737147;END_TS;2024-06-20 18:54:35.321024
BEGIN_TS;170;0.5;2024-06-20 18:54:35.321067;END_TS;2024-06-20 18:54:52.522810
BEGIN_TS;171;0.5;2024-06-20 18:54:52.522855;END_TS;2024-06-20 18:55:15.567996
BEGIN_TS;172;0.5;2024-06-20 18:55:15.568042;END_TS;2024-06-20 18:55:30.401684
BEGIN_TS;173;0.5;2024-06-20 18:55:30.401730;END_TS;2024-06-20 18:56:06.564093
BEGIN_TS;174;0.5;2024-06-20 18:56:06.564140;END_TS;2024-06-20 18:57:20.290416
BEGIN_TS;175;0.5;2024-06-20 18:57:20.290459;END_TS;2024-06-20 18:57:53.161618
BEGIN_TS;176;0.5;2024-06-20 18:57:53.161668;END_TS;2024-06-20 18:58:15.586618
BEGIN_TS;177;0.5;2024-06-20 18:58:15.586662;END_TS;2024-06-20 18:58:26.175932
BEGIN_TS;178;0.5;2024-06-20 18:58:26.175971;END_TS;2024-06-20 19:01:44.738555
BEGIN_TS;179;0.5;2024-06-20 19:01:44.738599;END_TS;2024-06-20 19:01:56.603036
BEGIN_TS;180;0.5;2024-06-20 19:01:56.603076;END_TS;2024-06-20 19:02:11.515118
BEGIN_TS;181;0.6;2024-06-20 19:02:11.515166;END_TS;2024-06-20 19:02:40.086343
BEGIN_TS;182;0.6;2024-06-20 19:02:40.086393;END_TS;2024-06-20 19:03:08.655902
BEGIN_TS;183;0.6;2024-06-20 19:03:08.655949;END_TS;2024-06-20 19:03:30.723009
BEGIN_TS;184;0.6;2024-06-20 19:03:30.723064;END_TS;2024-06-20 19:03:49.064868
BEGIN_TS;185;0.6;2024-06-20 19:03:49.064908;END_TS;2024-06-20 19:04:10.401354
BEGIN_TS;186;0.6;2024-06-20 19:04:10.401413;END_TS;2024-06-20 19:04:37.434976
BEGIN_TS;187;0.6;2024-06-20 19:04:37.435021;END_TS;2024-06-20 19:04:59.426489
BEGIN_TS;188;0.6;2024-06-20 19:04:59.426533;END_TS;2024-06-20 19:06:02.221393
BEGIN_TS;189;0.6;2024-06-20 19:06:02.221442;END_TS;2024-06-20 19:06:22.757852
BEGIN_TS;190;0.6;2024-06-20 19:06:22.757903;END_TS;2024-06-20 19:06:50.454641
BEGIN_TS;191;0.6;2024-06-20 19:06:50.454689;END_TS;2024-06-20 19:07:21.478597
BEGIN_TS;192;0.6;2024-06-20 19:07:21.478643;END_TS;2024-06-20 19:07:29.425727
BEGIN_TS;193;0.6;2024-06-20 19:07:29.425768;END_TS;2024-06-20 19:08:22.303196
BEGIN_TS;194;0.6;2024-06-20 19:08:22.303243;END_TS;2024-06-20 19:08:45.652913
BEGIN_TS;195;0.6;2024-06-20 19:08:45.652957;END_TS;2024-06-20 19:09:09.305087
BEGIN_TS;196;0.6;2024-06-20 19:09:09.305138;END_TS;2024-06-20 19:09:19.907152
BEGIN_TS;197;0.6;2024-06-20 19:09:19.907193;END_TS;2024-06-20 19:09:42.518227
BEGIN_TS;198;0.6;2024-06-20 19:09:42.518277;END_TS;2024-06-20 19:10:09.208972
BEGIN_TS;199;0.6;2024-06-20 19:10:09.209018;END_TS;2024-06-20 19:10:26.755614
BEGIN_TS;200;0.6;2024-06-20 19:10:26.755663;END_TS;2024-06-20 19:10:31.796712
BEGIN_TS;201;0.6;2024-06-20 19:10:31.796757;END_TS;2024-06-20 19:10:56.210784
BEGIN_TS;202;0.6;2024-06-20 19:10:56.210832;END_TS;2024-06-20 19:11:19.791456
BEGIN_TS;203;0.6;2024-06-20 19:11:19.791512;END_TS;2024-06-20 19:11:44.098605
BEGIN_TS;204;0.6;2024-06-20 19:11:44.098652;END_TS;2024-06-20 19:12:01.406011
BEGIN_TS;205;0.6;2024-06-20 19:12:01.406055;END_TS;2024-06-20 19:12:23.762036
BEGIN_TS;206;0.6;2024-06-20 19:12:23.762085;END_TS;2024-06-20 19:12:34.655292
BEGIN_TS;207;0.6;2024-06-20 19:12:34.655333;END_TS;2024-06-20 19:12:39.290128
BEGIN_TS;208;0.6;2024-06-20 19:12:39.290170;END_TS;2024-06-20 19:13:02.468971
BEGIN_TS;209;0.6;2024-06-20 19:13:02.469030;END_TS;2024-06-20 19:14:20.498241
BEGIN_TS;210;0.6;2024-06-20 19:14:20.498298;END_TS;2024-06-20 19:14:30.802274
BEGIN_TS;211;0.7;2024-06-20 19:14:30.802314;END_TS;2024-06-20 19:15:00.740247
BEGIN_TS;212;0.7;2024-06-20 19:15:00.740303;END_TS;2024-06-20 19:15:05.859233
BEGIN_TS;213;0.7;2024-06-20 19:15:05.859274;END_TS;2024-06-20 19:15:39.139336
BEGIN_TS;214;0.7;2024-06-20 19:15:39.139386;END_TS;2024-06-20 19:15:49.453475
BEGIN_TS;215;0.7;2024-06-20 19:15:49.453515;END_TS;2024-06-20 19:16:12.639911
BEGIN_TS;216;0.7;2024-06-20 19:16:12.639958;END_TS;2024-06-20 19:16:51.024748
BEGIN_TS;217;0.7;2024-06-20 19:16:51.024805;END_TS;2024-06-20 19:17:10.378321
BEGIN_TS;218;0.7;2024-06-20 19:17:10.378367;END_TS;2024-06-20 19:18:27.179319
BEGIN_TS;219;0.7;2024-06-20 19:18:27.179371;END_TS;2024-06-20 19:18:52.981496
BEGIN_TS;220;0.7;2024-06-20 19:18:52.981540;END_TS;2024-06-20 19:20:41.422762
BEGIN_TS;221;0.7;2024-06-20 19:20:41.422806;END_TS;2024-06-20 19:21:10.300459
BEGIN_TS;222;0.7;2024-06-20 19:21:10.300509;END_TS;2024-06-20 19:21:41.019513
BEGIN_TS;223;0.7;2024-06-20 19:21:41.019558;END_TS;2024-06-20 19:22:06.517356
BEGIN_TS;224;0.7;2024-06-20 19:22:06.517411;END_TS;2024-06-20 19:22:30.170954
BEGIN_TS;225;0.7;2024-06-20 19:22:30.171003;END_TS;2024-06-20 19:22:52.289919
BEGIN_TS;226;0.7;2024-06-20 19:22:52.289963;END_TS;2024-06-20 19:23:19.016975
BEGIN_TS;227;0.7;2024-06-20 19:23:19.017021;END_TS;2024-06-20 19:23:23.787127
BEGIN_TS;228;0.7;2024-06-20 19:23:23.787168;END_TS;2024-06-20 19:23:34.549395
BEGIN_TS;229;0.7;2024-06-20 19:23:34.549435;END_TS;2024-06-20 19:23:56.495267
BEGIN_TS;230;0.7;2024-06-20 19:23:56.495326;END_TS;2024-06-20 19:24:36.676255
BEGIN_TS;231;0.7;2024-06-20 19:24:36.676307;END_TS;2024-06-20 19:24:43.963137
BEGIN_TS;232;0.7;2024-06-20 19:24:43.963180;END_TS;2024-06-20 19:25:06.830180
BEGIN_TS;233;0.7;2024-06-20 19:25:06.830229;END_TS;2024-06-20 19:25:23.604530
BEGIN_TS;234;0.7;2024-06-20 19:25:23.604576;END_TS;2024-06-20 19:25:33.318937
BEGIN_TS;235;0.7;2024-06-20 19:25:33.318978;END_TS;2024-06-20 19:25:57.222339
BEGIN_TS;236;0.7;2024-06-20 19:25:57.222382;END_TS;2024-06-20 19:26:22.720087
BEGIN_TS;237;0.7;2024-06-20 19:26:22.720135;END_TS;2024-06-20 19:26:47.295729
BEGIN_TS;238;0.7;2024-06-20 19:26:47.295783;END_TS;2024-06-20 19:28:12.697300
BEGIN_TS;239;0.7;2024-06-20 19:28:12.697348;END_TS;2024-06-20 19:28:19.354329
BEGIN_TS;240;0.7;2024-06-20 19:28:19.354369;END_TS;2024-06-20 19:28:45.567077
BEGIN_TS;241;0.8;2024-06-20 19:28:45.567120;END_TS;2024-06-20 19:29:57.466453
BEGIN_TS;242;0.8;2024-06-20 19:29:57.466501;END_TS;2024-06-20 19:30:20.186467
BEGIN_TS;243;0.8;2024-06-20 19:30:20.186515;END_TS;2024-06-20 19:30:45.991993
BEGIN_TS;244;0.8;2024-06-20 19:30:45.992040;END_TS;2024-06-20 19:31:16.401547
BEGIN_TS;245;0.8;2024-06-20 19:31:16.401594;END_TS;2024-06-20 19:31:45.731060
BEGIN_TS;246;0.8;2024-06-20 19:31:45.731104;END_TS;2024-06-20 19:31:48.850963
BEGIN_TS;247;0.8;2024-06-20 19:31:48.851004;END_TS;2024-06-20 19:31:53.868701
BEGIN_TS;248;0.8;2024-06-20 19:31:53.868744;END_TS;2024-06-20 19:31:57.751915
BEGIN_TS;249;0.8;2024-06-20 19:31:57.751958;END_TS;2024-06-20 19:32:22.447757
BEGIN_TS;250;0.8;2024-06-20 19:32:22.447784;END_TS;2024-06-20 19:32:43.850063
BEGIN_TS;251;0.8;2024-06-20 19:32:43.850089;END_TS;2024-06-20 19:33:06.991386
BEGIN_TS;252;0.8;2024-06-20 19:33:06.991413;END_TS;2024-06-20 19:33:43.240788
BEGIN_TS;253;0.8;2024-06-20 19:33:43.240816;END_TS;2024-06-20 19:34:05.975781
BEGIN_TS;254;0.8;2024-06-20 19:34:05.975840;END_TS;2024-06-20 19:34:33.624460
BEGIN_TS;255;0.8;2024-06-20 19:34:33.624505;END_TS;2024-06-20 19:35:09.564535
BEGIN_TS;256;0.8;2024-06-20 19:35:09.564579;END_TS;2024-06-20 19:35:25.684555
BEGIN_TS;257;0.8;2024-06-20 19:35:25.684597;END_TS;2024-06-20 19:35:40.237483
BEGIN_TS;258;0.8;2024-06-20 19:35:40.237525;END_TS;2024-06-20 19:35:50.211135
BEGIN_TS;259;0.8;2024-06-20 19:35:50.211175;END_TS;2024-06-20 19:35:54.637102
BEGIN_TS;260;0.8;2024-06-20 19:35:54.637143;END_TS;2024-06-20 19:36:41.186540
BEGIN_TS;261;0.8;2024-06-20 19:36:41.186590;END_TS;2024-06-20 19:37:16.707247
BEGIN_TS;262;0.8;2024-06-20 19:37:16.707296;END_TS;2024-06-20 19:37:47.464569
BEGIN_TS;263;0.8;2024-06-20 19:37:47.464617;END_TS;2024-06-20 19:38:03.890991
BEGIN_TS;264;0.8;2024-06-20 19:38:03.891032;END_TS;2024-06-20 19:38:14.641513
BEGIN_TS;265;0.8;2024-06-20 19:38:14.641557;END_TS;2024-06-20 19:38:29.858808
BEGIN_TS;266;0.8;2024-06-20 19:38:29.858856;END_TS;2024-06-20 19:38:36.765653
BEGIN_TS;267;0.8;2024-06-20 19:38:36.765697;END_TS;2024-06-20 19:38:57.506587
BEGIN_TS;268;0.8;2024-06-20 19:38:57.506641;END_TS;2024-06-20 19:39:01.902261
BEGIN_TS;269;0.8;2024-06-20 19:39:01.902305;END_TS;2024-06-20 19:39:05.696056
BEGIN_TS;270;0.8;2024-06-20 19:39:05.696098;END_TS;2024-06-20 19:39:29.454713
BEGIN_TS;271;0.9;2024-06-20 19:39:29.454761;END_TS;2024-06-20 19:40:00.175167
BEGIN_TS;272;0.9;2024-06-20 19:40:00.175219;END_TS;2024-06-20 19:40:18.606289
BEGIN_TS;273;0.9;2024-06-20 19:40:18.606344;END_TS;2024-06-20 19:40:41.339763
BEGIN_TS;274;0.9;2024-06-20 19:40:41.339809;END_TS;2024-06-20 19:40:45.518813
BEGIN_TS;275;0.9;2024-06-20 19:40:45.518855;END_TS;2024-06-20 19:41:01.306984
BEGIN_TS;276;0.9;2024-06-20 19:41:01.307042;END_TS;2024-06-20 19:41:23.118205
BEGIN_TS;277;0.9;2024-06-20 19:41:23.118254;END_TS;2024-06-20 19:41:52.327194
BEGIN_TS;278;0.9;2024-06-20 19:41:52.327241;END_TS;2024-06-20 19:42:18.723014
BEGIN_TS;279;0.9;2024-06-20 19:42:18.723064;END_TS;2024-06-20 19:42:23.495192
BEGIN_TS;280;0.9;2024-06-20 19:42:23.495234;END_TS;2024-06-20 19:42:45.139861
BEGIN_TS;281;0.9;2024-06-20 19:42:45.139908;END_TS;2024-06-20 19:43:02.797126
BEGIN_TS;282;0.9;2024-06-20 19:43:02.797171;END_TS;2024-06-20 19:44:00.710141
BEGIN_TS;283;0.9;2024-06-20 19:44:00.710200;END_TS;2024-06-20 19:44:21.933446
BEGIN_TS;284;0.9;2024-06-20 19:44:21.933495;END_TS;2024-06-20 19:44:43.718682
BEGIN_TS;285;0.9;2024-06-20 19:44:43.718732;END_TS;2024-06-20 19:45:09.845193
BEGIN_TS;286;0.9;2024-06-20 19:45:09.845241;END_TS;2024-06-20 19:45:13.274089
BEGIN_TS;287;0.9;2024-06-20 19:45:13.274131;END_TS;2024-06-20 19:45:29.490768
BEGIN_TS;288;0.9;2024-06-20 19:45:29.490818;END_TS;2024-06-20 19:45:48.537227
BEGIN_TS;289;0.9;2024-06-20 19:45:48.537289;END_TS;2024-06-20 19:46:09.701236
BEGIN_TS;290;0.9;2024-06-20 19:46:09.701294;END_TS;2024-06-20 19:46:33.388180
BEGIN_TS;291;0.9;2024-06-20 19:46:33.388251;END_TS;2024-06-20 19:46:53.667076
BEGIN_TS;292;0.9;2024-06-20 19:46:53.667137;END_TS;2024-06-20 19:47:16.088839
BEGIN_TS;293;0.9;2024-06-20 19:47:16.088883;END_TS;2024-06-20 19:47:37.900614
BEGIN_TS;294;0.9;2024-06-20 19:47:37.900664;END_TS;2024-06-20 19:48:03.705534
BEGIN_TS;295;0.9;2024-06-20 19:48:03.705584;END_TS;2024-06-20 19:48:38.725332
BEGIN_TS;296;0.9;2024-06-20 19:48:38.725380;END_TS;2024-06-20 19:48:54.085089
BEGIN_TS;297;0.9;2024-06-20 19:48:54.085133;END_TS;2024-06-20 19:49:28.492379
BEGIN_TS;298;0.9;2024-06-20 19:49:28.492428;END_TS;2024-06-20 19:49:39.122718
BEGIN_TS;299;0.9;2024-06-20 19:49:39.122759;END_TS;2024-06-20 19:50:02.897912
BEGIN_TS;300;0.9;2024-06-20 19:50:02.897973;END_TS;2024-06-20 19:50:42.832919
BEGIN_TS;301;1.0;2024-06-20 19:50:42.832946;END_TS;2024-06-20 19:50:53.755342
BEGIN_TS;302;1.0;2024-06-20 19:50:53.755378;END_TS;2024-06-20 19:51:14.781781
BEGIN_TS;303;1.0;2024-06-20 19:51:14.781803;END_TS;2024-06-20 19:51:34.663241
BEGIN_TS;304;1.0;2024-06-20 19:51:34.663264;END_TS;2024-06-20 19:51:40.332367
BEGIN_TS;305;1.0;2024-06-20 19:51:40.332404;END_TS;2024-06-20 19:52:09.462880
BEGIN_TS;306;1.0;2024-06-20 19:52:09.462916;END_TS;2024-06-20 19:52:13.424618
BEGIN_TS;307;1.0;2024-06-20 19:52:13.424654;END_TS;2024-06-20 19:52:33.428398
BEGIN_TS;308;1.0;2024-06-20 19:52:33.428438;END_TS;2024-06-20 19:52:43.614961
BEGIN_TS;309;1.0;2024-06-20 19:52:43.614997;END_TS;2024-06-20 19:52:48.674782
BEGIN_TS;310;1.0;2024-06-20 19:52:48.674819;END_TS;2024-06-20 19:53:19.714801
BEGIN_TS;311;1.0;2024-06-20 19:53:19.714840;END_TS;2024-06-20 19:53:53.306741
BEGIN_TS;312;1.0;2024-06-20 19:53:53.306780;END_TS;2024-06-20 19:54:34.153514
BEGIN_TS;313;1.0;2024-06-20 19:54:34.153555;END_TS;2024-06-20 19:54:44.744007
BEGIN_TS;314;1.0;2024-06-20 19:54:44.744042;END_TS;2024-06-20 19:54:49.983524
BEGIN_TS;315;1.0;2024-06-20 19:54:49.983561;END_TS;2024-06-20 19:55:14.703072
BEGIN_TS;316;1.0;2024-06-20 19:55:14.703112;END_TS;2024-06-20 19:55:30.678196
BEGIN_TS;317;1.0;2024-06-20 19:55:30.678241;END_TS;2024-06-20 19:57:08.866853
BEGIN_TS;318;1.0;2024-06-20 19:57:08.866894;END_TS;2024-06-20 19:57:28.949231
BEGIN_TS;319;1.0;2024-06-20 19:57:28.949274;END_TS;2024-06-20 19:57:50.306839
BEGIN_TS;320;1.0;2024-06-20 19:57:50.306879;END_TS;2024-06-20 19:58:16.565390
BEGIN_TS;321;1.0;2024-06-20 19:58:16.565440;END_TS;2024-06-20 19:58:39.299388
BEGIN_TS;322;1.0;2024-06-20 19:58:39.299443;END_TS;2024-06-20 19:58:55.271805
BEGIN_TS;323;1.0;2024-06-20 19:58:55.271851;END_TS;2024-06-20 19:59:00.677873
BEGIN_TS;324;1.0;2024-06-20 19:59:00.677908;END_TS;2024-06-20 19:59:22.612819
BEGIN_TS;325;1.0;2024-06-20 19:59:22.612861;END_TS;2024-06-20 19:59:47.207198
BEGIN_TS;326;1.0;2024-06-20 19:59:47.207245;END_TS;2024-06-20 20:00:15.473410
BEGIN_TS;327;1.0;2024-06-20 20:00:15.473457;END_TS;2024-06-20 20:01:05.830816
BEGIN_TS;328;1.0;2024-06-20 20:01:05.830862;END_TS;2024-06-20 20:01:28.275845
BEGIN_TS;329;1.0;2024-06-20 20:01:28.275894;END_TS;2024-06-20 20:01:51.604927
BEGIN_TS;330;1.0;2024-06-20 20:01:51.604979;END_TS;2024-06-20 20:02:16.165830
