project;test file;line coverage;branch coverage
linked-list1;test_3-5_1-0_326;0.00;88.46
linked-list1;test_3-5_0-0_10;0.00;73.08
linked-list1;test_3-5_0-4_137;0.00;73.08
linked-list1;test_3-5_0-1_56;0.00;73.08
linked-list1;test_3-5_1-0_310;0.00;88.46
linked-list1;test_3-5_0-7_226;0.00;73.08
linked-list1;test_3-5_0-2_78;0.00;73.08
linked-list1;test_3-5_0-8_262;0.00;61.54
linked-list1;test_3-5_0-9_283;0.00;73.08
linked-list1;test_3-5_0-0_4;0.00;73.08
linked-list1;test_3-5_0-6_200;0.00;23.08
linked-list1;test_3-5_0-1_50;0.00;73.08
linked-list1;test_3-5_0-6_183;0.00;73.08
linked-list1;test_3-5_0-5_177;0.00;76.92
linked-list1;test_3-5_0-6_210;0.00;73.08
linked-list1;test_3-5_0-5_180;0.00;73.08
linked-list1;test_3-5_0-3_116;0.00;73.08
linked-list1;test_3-5_0-2_70;0.00;73.08
linked-list1;test_3-5_0-4_133;0.00;73.08
linked-list1;test_3-5_1-0_322;0.00;73.08
linked-list1;test_3-5_0-9_273;0.00;73.08
linked-list1;test_3-5_1-0_328;0.00;73.08
linked-list1;test_3-5_0-8_248;0.00;73.08
linked-list1;test_3-5_0-3_95;0.00;73.08
linked-list1;test_3-5_1-0_301;0.00;76.92
linked-list1;test_3-5_0-8_268;0.00;73.08
linked-list1;test_3-5_0-3_114;0.00;73.08
linked-list1;test_3-5_0-7_220;0.00;73.08
linked-list1;test_3-5_0-0_5;0.00;73.08
linked-list1;test_3-5_0-3_91;0.00;73.08
linked-list1;test_3-5_0-2_90;0.00;73.08
linked-list1;test_3-5_0-6_185;0.00;73.08
linked-list1;test_3-5_0-7_225;0.00;73.08
linked-list1;test_3-5_1-0_314;0.00;42.31
linked-list1;test_3-5_0-1_45;0.00;73.08
linked-list1;test_3-5_0-9_293;0.00;73.08
linked-list1;test_3-5_0-2_77;0.00;73.08
linked-list1;test_3-5_0-0_17;0.00;73.08
linked-list1;test_3-5_1-0_312;0.00;80.77
linked-list1;test_3-5_0-4_121;0.00;73.08
linked-list1;test_3-5_0-6_203;0.00;76.92
linked-list1;test_3-5_0-6_181;0.00;73.08
linked-list1;test_3-5_0-7_222;0.00;73.08
linked-list1;test_3-5_0-9_294;0.00;65.38
linked-list1;test_3-5_1-0_308;0.00;73.08
linked-list1;test_3-5_0-1_46;0.00;73.08
linked-list1;test_3-5_0-6_196;0.00;61.54
linked-list1;test_3-5_0-5_172;0.00;73.08
linked-list1;test_3-5_0-5_154;0.00;73.08
linked-list1;test_3-5_0-5_171;0.00;73.08
linked-list1;test_3-5_0-0_16;0.00;73.08
linked-list1;test_3-5_1-0_317;0.00;61.54
linked-list1;test_3-5_0-1_36;0.00;73.08
linked-list1;test_3-5_0-5_175;0.00;73.08
linked-list1;test_3-5_0-8_242;0.00;73.08
linked-list1;test_3-5_0-0_23;0.00;73.08
linked-list1;test_3-5_0-8_254;0.00;73.08
linked-list1;test_3-5_0-6_207;0.00;76.92
linked-list1;test_3-5_0-9_287;0.00;88.46
linked-list1;test_3-5_0-8_264;0.00;84.62
linked-list1;test_3-5_0-0_3;0.00;73.08
linked-list1;test_3-5_0-2_87;0.00;73.08
linked-list1;test_3-5_0-7_230;0.00;73.08
linked-list1;test_3-5_0-0_22;0.00;73.08
linked-list1;test_3-5_0-8_249;0.00;73.08
linked-list1;test_3-5_0-7_212;0.00;73.08
linked-list1;test_3-5_0-9_299;0.00;76.92
linked-list1;test_3-5_0-7_217;0.00;84.62
linked-list1;test_3-5_0-0_20;0.00;73.08
linked-list1;test_3-5_0-2_86;0.00;73.08
linked-list1;test_3-5_0-3_108;0.00;73.08
linked-list1;test_3-5_0-3_112;0.00;73.08
linked-list1;test_3-5_1-0_305;0.00;80.77
linked-list1;test_3-5_0-3_107;0.00;73.08
linked-list1;test_3-5_0-6_193;0.00;73.08
linked-list1;test_3-5_0-5_167;0.00;73.08
linked-list1;test_3-5_0-2_81;0.00;73.08
linked-list1;test_3-5_0-0_8;0.00;73.08
linked-list1;test_3-5_0-4_125;0.00;73.08
linked-list1;test_3-5_1-0_307;0.00;57.69
linked-list1;test_3-5_0-1_54;0.00;73.08
linked-list1;test_3-5_0-5_152;0.00;73.08
linked-list1;test_3-5_0-3_94;0.00;73.08
linked-list1;test_3-5_0-3_103;0.00;73.08
linked-list1;test_3-5_0-7_215;0.00;80.77
linked-list1;test_3-5_1-0_309;0.00;76.92
linked-list1;test_3-5_0-6_199;0.00;76.92
linked-list1;test_3-5_0-3_110;0.00;73.08
linked-list1;test_3-5_0-8_266;0.00;73.08
linked-list1;test_3-5_0-1_49;0.00;73.08
linked-list1;test_3-5_0-3_106;0.00;73.08
linked-list1;test_3-5_0-2_82;0.00;73.08
linked-list1;test_3-5_0-7_216;0.00;76.92
linked-list1;test_3-5_0-2_73;0.00;61.54
linked-list1;test_3-5_0-6_204;0.00;76.92
linked-list1;test_3-5_0-3_99;0.00;73.08
linked-list1;test_3-5_0-1_31;0.00;73.08
linked-list1;test_3-5_0-3_100;0.00;73.08
linked-list1;test_3-5_0-1_40;0.00;73.08
linked-list1;test_3-5_0-8_258;0.00;61.54
linked-list1;test_3-5_0-0_28;0.00;73.08
linked-list1;test_3-5_0-6_195;0.00;73.08
linked-list1;test_3-5_0-4_126;0.00;73.08
linked-list1;test_3-5_0-1_33;0.00;73.08
linked-list1;test_3-5_0-6_202;0.00;76.92
linked-list1;test_3-5_0-0_25;0.00;73.08
linked-list1;test_3-5_0-1_53;0.00;73.08
linked-list1;test_3-5_0-0_9;0.00;73.08
linked-list1;test_3-5_0-0_1;0.00;73.08
linked-list1;test_3-5_0-3_113;0.00;73.08
linked-list1;test_3-5_0-0_29;0.00;73.08
linked-list1;test_3-5_0-1_42;0.00;73.08
linked-list1;test_3-5_0-2_62;0.00;73.08
linked-list1;test_3-5_0-9_271;0.00;65.38
linked-list1;test_3-5_0-0_14;0.00;73.08
linked-list1;test_3-5_0-0_11;0.00;73.08
linked-list1;test_3-5_0-1_37;0.00;73.08
linked-list1;test_3-5_0-0_7;0.00;73.08
linked-list1;test_3-5_0-9_290;0.00;88.46
linked-list1;test_3-5_0-1_43;0.00;73.08
linked-list1;test_3-5_0-1_44;0.00;73.08
linked-list1;test_3-5_0-4_135;0.00;73.08
linked-list1;test_3-5_0-9_298;0.00;76.92
linked-list1;test_3-5_0-2_76;0.00;73.08
linked-list1;test_3-5_1-0_304;0.00;76.92
linked-list1;test_3-5_0-8_244;0.00;76.92
linked-list1;test_3-5_0-5_164;0.00;61.54
linked-list1;test_3-5_0-7_221;0.00;73.08
linked-list1;test_3-5_0-4_122;0.00;73.08
linked-list1;test_3-5_0-1_41;0.00;73.08
linked-list1;test_3-5_0-4_136;0.00;73.08
linked-list1;test_3-5_1-0_313;0.00;84.62
linked-list1;test_3-5_0-3_117;0.00;61.54
linked-list1;test_3-5_0-2_80;0.00;73.08
linked-list1;test_3-5_0-4_140;0.00;73.08
linked-list1;test_3-5_0-0_12;0.00;73.08
linked-list1;test_3-5_0-3_93;0.00;73.08
linked-list1;test_3-5_0-0_18;0.00;73.08
linked-list1;test_3-5_0-0_26;0.00;73.08
linked-list1;test_3-5_0-1_60;0.00;73.08
linked-list1;test_3-5_0-1_58;0.00;73.08
linked-list1;test_3-5_0-3_97;0.00;73.08
linked-list1;test_3-5_0-0_30;0.00;73.08
linked-list1;test_3-5_0-2_89;0.00;73.08
linked-list1;test_3-5_0-9_289;0.00;80.77
linked-list1;test_3-5_0-5_173;0.00;76.92
linked-list1;test_3-5_0-7_237;0.00;73.08
linked-list1;test_3-5_0-1_52;0.00;73.08
linked-list1;test_3-5_0-1_51;0.00;73.08
linked-list1;test_3-5_0-1_32;0.00;73.08
linked-list1;test_3-5_0-2_68;0.00;73.08
linked-list1;test_3-5_0-0_13;0.00;73.08
linked-list1;test_3-5_0-1_47;0.00;73.08
linked-list1;test_3-5_0-1_39;0.00;73.08
linked-list1;test_3-5_0-2_63;0.00;73.08
linked-list1;test_3-5_0-0_27;0.00;73.08
linked-list1;test_3-5_0-7_240;0.00;84.62
linked-list1;test_3-5_0-0_6;0.00;73.08
linked-list1;test_3-5_0-1_59;0.00;73.08
linked-list1;test_3-5_0-9_282;0.00;73.08
linked-list1;test_3-5_0-4_129;0.00;73.08
linked-list1;test_3-5_0-6_189;0.00;84.62
linked-list1;test_3-5_0-1_57;0.00;73.08
linked-list1;test_3-5_0-1_34;0.00;73.08
linked-list1;test_3-5_0-5_162;0.00;73.08
linked-list1;test_3-5_0-1_55;0.00;73.08
linked-list1;test_3-5_0-5_166;0.00;73.08
linked-list1;test_3-5_0-2_65;0.00;73.08
linked-list1;test_3-5_0-4_149;0.00;73.08
linked-list1;test_3-5_0-5_156;0.00;73.08
linked-list1;test_3-5_0-6_194;0.00;73.08
linked-list1;test_3-5_0-2_74;0.00;73.08
linked-list1;test_3-5_0-2_69;0.00;73.08
linked-list1;test_3-5_0-2_84;0.00;73.08
linked-list1;test_3-5_0-9_295;0.00;61.54
linked-list1;test_3-5_0-2_85;0.00;73.08
linked-list1;test_3-5_0-0_19;0.00;73.08
linked-list1;test_3-5_0-2_79;0.00;73.08
linked-list1;test_3-5_0-0_15;0.00;73.08
linked-list1;test_3-5_0-0_21;0.00;73.08
linked-list1;test_3-5_0-8_245;0.00;76.92
linked-list1;test_3-5_0-8_255;0.00;76.92
linked-list1;test_3-5_0-7_234;0.00;73.08
linked-list1;test_3-5_0-0_24;0.00;73.08
linked-list1;test_3-5_0-8_246;0.00;73.08
linked-list1;test_3-5_0-0_2;0.00;73.08
linked-list1;test_3-5_0-3_119;0.00;73.08
linked-list1;test_3-5_0-1_38;0.00;73.08
linked-list1;test_3-5_1-0_303;0.00;88.46
linked-list1;test_3-5_0-6_209;0.00;73.08
