filename;0.0;0.1;0.2;0.3;0.4;0.5;0.6;0.7;0.8;0.9;1.0;total
breadth_first_search.py;96.67;93.33;86.67;96.67;86.67;83.33;90.00;73.33;76.67;76.67;86.67;86.06
binheap.py;0.00;0.00;0.00;0.00;3.33;3.33;6.67;6.67;3.33;10.00;0.00;3.03
binary_search_tree.py;0.00;0.00;0.00;0.00;0.00;10.00;3.33;6.67;10.00;10.00;3.33;3.94
bst2.py;100.00;100.00;100.00;100.00;100.00;96.67;96.67;90.00;80.00;73.33;93.33;93.64
combinations.py;96.67;83.33;76.67;80.00;66.67;63.33;63.33;56.67;53.33;46.67;43.33;66.36
complement.py;63.33;73.33;83.33;50.00;60.00;46.67;40.00;60.00;50.00;50.00;56.67;57.58
convert_base.py;0.00;3.33;6.67;13.33;13.33;13.33;16.67;13.33;23.33;10.00;10.00;11.21
deque.py;6.67;3.33;13.33;13.33;10.00;10.00;6.67;13.33;13.33;13.33;16.67;10.91
depth_first_search.py;96.67;93.33;90.00;93.33;96.67;96.67;90.00;70.00;63.33;76.67;66.67;84.85
dijkstras.py;0.00;0.00;0.00;0.00;0.00;3.33;3.33;3.33;6.67;3.33;10.00;2.73
dll.py;23.33;23.33;16.67;23.33;26.67;46.67;30.00;16.67;33.33;16.67;30.00;26.06
factorial.py;100.00;100.00;100.00;96.67;100.00;100.00;100.00;100.00;93.33;93.33;90.00;97.58
fenwick_tree.py;0.00;3.33;3.33;6.67;3.33;6.67;3.33;3.33;0.00;0.00;6.67;3.33
fibonacci.py;100.00;100.00;100.00;100.00;100.00;100.00;100.00;93.33;96.67;93.33;93.33;97.88
find_duplicates.py;100.00;100.00;100.00;100.00;96.67;90.00;76.67;56.67;36.67;56.67;63.33;79.70
first_missing_positive.py;100.00;100.00;100.00;100.00;100.00;100.00;96.67;100.00;100.00;96.67;100.00;99.39
fizz_buzz.py;100.00;100.00;100.00;100.00;96.67;103.33;100.00;96.67;100.00;100.00;90.00;98.79
graph1.py;36.67;36.67;16.67;16.67;20.00;26.67;23.33;26.67;36.67;20.00;20.00;25.45
graph2.py;0.00;0.00;3.33;3.33;6.67;13.33;13.33;3.33;16.67;13.33;10.00;7.58
hamming_ops.py;60.00;83.33;63.33;66.67;73.33;70.00;73.33;76.67;76.67;63.33;66.67;70.30
hash_map.py;30.00;20.00;23.33;20.00;30.00;43.33;56.67;36.67;56.67;63.33;50.00;39.09
heap.py;36.67;33.33;23.33;30.00;33.33;26.67;30.00;10.00;23.33;6.67;30.00;25.76
heapsort.py;0.00;0.00;0.00;0.00;3.33;6.67;33.33;33.33;40.00;26.67;43.33;16.97
linked_list1.py;100.00;93.33;70.00;60.00;36.67;43.33;53.33;43.33;43.33;40.00;50.00;57.58
linked_list2.py;6.67;23.33;10.00;13.33;26.67;23.33;43.33;53.33;50.00;33.33;40.00;29.39
longest_common_prefix.py;96.67;100.00;100.00;100.00;96.67;100.00;96.67;100.00;100.00;93.33;96.67;98.18
lru_cache.py;93.33;80.00;73.33;60.00;63.33;46.67;50.00;53.33;36.67;60.00;63.33;61.82
mergesort.py;43.33;23.33;46.67;43.33;56.67;56.67;56.67;56.67;56.67;46.67;46.67;48.48
naive_tree.py;0.00;0.00;0.00;0.00;0.00;0.00;10.00;0.00;6.67;3.33;10.00;2.73
permutations.py;3.33;3.33;20.00;16.67;26.67;30.00;26.67;26.67;40.00;16.67;26.67;21.52
priority_queue1.py;0.00;0.00;0.00;3.33;3.33;10.00;6.67;3.33;13.33;13.33;6.67;5.45
priority_queue2.py;96.67;93.33;86.67;80.00;76.67;56.67;76.67;63.33;83.33;56.67;56.67;75.15
a_queue.py;100.00;100.00;100.00;93.33;86.67;86.67;90.00;90.00;80.00;86.67;83.33;90.61
quicksort.py;96.67;100.00;96.67;96.67;86.67;100.00;86.67;90.00;73.33;83.33;66.67;88.79
rabin_karp_substring_search.py;6.67;6.67;20.00;6.67;13.33;40.00;26.67;10.00;23.33;33.33;46.67;21.21
radixsort.py;0.00;0.00;0.00;0.00;0.00;0.00;3.33;0.00;0.00;3.33;0.00;0.61
stack.py;0.00;0.00;3.33;10.00;0.00;0.00;6.67;6.67;3.33;6.67;3.33;3.64
trie.py;0.00;0.00;0.00;0.00;0.00;3.33;6.67;6.67;3.33;13.33;20.00;4.85
word_squares.py;0.00;0.00;0.00;0.00;0.00;0.00;3.33;0.00;0.00;3.33;0.00;0.61
