project;test file;line coverage;branch coverage
heapsort;test_3-5_0-7_226;0.00;100.00
heapsort;test_3-5_1-0_329;0.00;100.00
heapsort;test_3-5_0-4_123;0.00;100.00
heapsort;test_3-5_0-6_183;0.00;100.00
heapsort;test_3-5_0-6_210;0.00;100.00
heapsort;test_3-5_0-9_284;0.00;100.00
heapsort;test_3-5_0-9_273;0.00;100.00
heapsort;test_3-5_0-8_248;0.00;100.00
heapsort;test_3-5_0-7_220;0.00;100.00
heapsort;test_3-5_0-6_185;0.00;100.00
heapsort;test_3-5_0-8_253;0.00;100.00
heapsort;test_3-5_1-0_314;0.00;100.00
heapsort;test_3-5_0-9_293;0.00;100.00
heapsort;test_3-5_1-0_312;0.00;100.00
heapsort;test_3-5_0-6_203;0.00;100.00
heapsort;test_3-5_0-9_292;0.00;100.00
heapsort;test_3-5_0-7_222;0.00;100.00
heapsort;test_3-5_1-0_321;0.00;100.00
heapsort;test_3-5_1-0_324;0.00;100.00
heapsort;test_3-5_0-8_254;0.00;100.00
heapsort;test_3-5_0-6_207;0.00;100.00
heapsort;test_3-5_0-9_287;0.00;100.00
heapsort;test_3-5_0-8_249;0.00;100.00
heapsort;test_3-5_1-0_305;0.00;100.00
heapsort;test_3-5_0-7_238;0.00;100.00
heapsort;test_3-5_1-0_307;0.00;100.00
heapsort;test_3-5_0-8_260;0.00;100.00
heapsort;test_3-5_0-6_186;0.00;100.00
heapsort;test_3-5_0-6_199;0.00;100.00
heapsort;test_3-5_0-6_201;0.00;100.00
heapsort;test_3-5_1-0_315;0.00;100.00
heapsort;test_3-5_0-8_265;0.00;100.00
heapsort;test_3-5_0-7_235;0.00;100.00
heapsort;test_3-5_0-7_231;0.00;100.00
heapsort;test_3-5_1-0_325;0.00;100.00
heapsort;test_3-5_0-5_161;0.00;100.00
heapsort;test_3-5_1-0_311;0.00;100.00
heapsort;test_3-5_1-0_320;0.00;100.00
heapsort;test_3-5_0-9_290;0.00;100.00
heapsort;test_3-5_0-8_244;0.00;100.00
heapsort;test_3-5_0-5_159;0.00;100.00
heapsort;test_3-5_1-0_313;0.00;100.00
heapsort;test_3-5_0-7_237;0.00;100.00
heapsort;test_3-5_0-6_191;0.00;100.00
heapsort;test_3-5_0-6_208;0.00;100.00
heapsort;test_3-5_0-8_241;0.00;100.00
heapsort;test_3-5_0-7_214;0.00;100.00
heapsort;test_3-5_0-7_240;0.00;100.00
heapsort;test_3-5_0-8_243;0.00;100.00
heapsort;test_3-5_0-9_282;0.00;100.00
heapsort;test_3-5_0-9_286;0.00;100.00
heapsort;test_3-5_0-8_261;0.00;100.00
heapsort;test_3-5_0-8_255;0.00;100.00
heapsort;test_3-5_0-7_234;0.00;100.00
heapsort;test_3-5_1-0_330;0.00;100.00
heapsort;test_3-5_0-8_247;0.00;100.00
