project;test file;line coverage;branch coverage
quicksort;test_3-5_0-5_178;0.00;100.00
quicksort;test_3-5_0-2_83;0.00;100.00
quicksort;test_3-5_0-7_213;0.00;100.00
quicksort;test_3-5_0-9_279;0.00;100.00
quicksort;test_3-5_0-3_115;0.00;100.00
quicksort;test_3-5_0-7_224;0.00;100.00
quicksort;test_3-5_1-0_326;0.00;100.00
quicksort;test_3-5_0-0_10;0.00;100.00
quicksort;test_3-5_0-4_137;0.00;100.00
quicksort;test_3-5_0-1_56;0.00;100.00
quicksort;test_3-5_0-8_257;0.00;100.00
quicksort;test_3-5_1-0_310;0.00;100.00
quicksort;test_3-5_0-7_226;0.00;100.00
quicksort;test_3-5_1-0_329;0.00;100.00
quicksort;test_3-5_0-2_78;0.00;100.00
quicksort;test_3-5_0-8_262;0.00;100.00
quicksort;test_3-5_0-8_251;0.00;100.00
quicksort;test_3-5_0-9_283;0.00;100.00
quicksort;test_3-5_0-0_4;0.00;100.00
quicksort;test_3-5_0-6_200;0.00;100.00
quicksort;test_3-5_0-1_50;0.00;100.00
quicksort;test_3-5_0-6_183;0.00;100.00
quicksort;test_3-5_0-5_177;0.00;100.00
quicksort;test_3-5_0-6_210;0.00;100.00
quicksort;test_3-5_0-7_211;0.00;100.00
quicksort;test_3-5_0-5_180;0.00;100.00
quicksort;test_3-5_0-3_116;0.00;100.00
quicksort;test_3-5_0-2_70;0.00;100.00
quicksort;test_3-5_1-0_322;0.00;100.00
quicksort;test_3-5_0-9_284;0.00;100.00
quicksort;test_3-5_0-4_150;0.00;100.00
quicksort;test_3-5_1-0_328;0.00;100.00
quicksort;test_3-5_0-9_300;0.00;100.00
quicksort;test_3-5_0-8_248;0.00;100.00
quicksort;test_3-5_0-3_95;0.00;100.00
quicksort;test_3-5_1-0_301;0.00;100.00
quicksort;test_3-5_0-3_104;0.00;100.00
quicksort;test_3-5_0-8_268;0.00;100.00
quicksort;test_3-5_0-3_114;0.00;100.00
quicksort;test_3-5_0-7_236;0.00;100.00
quicksort;test_3-5_0-7_220;0.00;100.00
quicksort;test_3-5_0-3_118;0.00;100.00
quicksort;test_3-5_0-1_48;0.00;100.00
quicksort;test_3-5_0-0_5;0.00;100.00
quicksort;test_3-5_0-3_91;0.00;100.00
quicksort;test_3-5_0-5_176;0.00;100.00
quicksort;test_3-5_0-2_90;0.00;100.00
quicksort;test_3-5_0-6_185;0.00;100.00
quicksort;test_3-5_0-7_225;0.00;100.00
quicksort;test_3-5_0-4_130;0.00;100.00
quicksort;test_3-5_0-8_253;0.00;100.00
quicksort;test_3-5_1-0_314;0.00;100.00
quicksort;test_3-5_0-1_45;0.00;100.00
quicksort;test_3-5_0-9_293;0.00;100.00
quicksort;test_3-5_0-2_77;0.00;100.00
quicksort;test_3-5_0-0_17;0.00;100.00
quicksort;test_3-5_0-4_143;0.00;100.00
quicksort;test_3-5_0-4_121;0.00;100.00
quicksort;test_3-5_1-0_319;0.00;100.00
quicksort;test_3-5_0-9_297;0.00;100.00
quicksort;test_3-5_0-6_203;0.00;100.00
quicksort;test_3-5_0-6_181;0.00;100.00
quicksort;test_3-5_0-9_292;0.00;100.00
quicksort;test_3-5_0-7_222;0.00;100.00
quicksort;test_3-5_0-9_294;0.00;100.00
quicksort;test_3-5_0-7_233;0.00;100.00
quicksort;test_3-5_1-0_308;0.00;100.00
quicksort;test_3-5_0-7_223;0.00;100.00
quicksort;test_3-5_0-1_46;0.00;100.00
quicksort;test_3-5_0-2_67;0.00;100.00
quicksort;test_3-5_0-5_172;0.00;100.00
quicksort;test_3-5_0-5_154;0.00;100.00
quicksort;test_3-5_0-3_98;0.00;100.00
quicksort;test_3-5_0-5_171;0.00;100.00
quicksort;test_3-5_0-0_16;0.00;100.00
quicksort;test_3-5_0-5_179;0.00;100.00
quicksort;test_3-5_0-1_36;0.00;100.00
quicksort;test_3-5_0-8_252;0.00;100.00
quicksort;test_3-5_0-7_227;0.00;100.00
quicksort;test_3-5_0-4_139;0.00;100.00
quicksort;test_3-5_0-5_175;0.00;100.00
quicksort;test_3-5_0-3_111;0.00;100.00
quicksort;test_3-5_0-0_23;0.00;100.00
quicksort;test_3-5_0-8_254;0.00;100.00
quicksort;test_3-5_0-5_165;0.00;100.00
quicksort;test_3-5_0-6_207;0.00;100.00
quicksort;test_3-5_0-9_287;0.00;100.00
quicksort;test_3-5_0-8_264;0.00;100.00
quicksort;test_3-5_0-6_197;0.00;100.00
quicksort;test_3-5_0-2_87;0.00;100.00
quicksort;test_3-5_0-7_230;0.00;100.00
quicksort;test_3-5_0-9_272;0.00;100.00
quicksort;test_3-5_0-0_22;0.00;100.00
quicksort;test_3-5_0-8_249;0.00;100.00
quicksort;test_3-5_0-7_212;0.00;100.00
quicksort;test_3-5_0-4_127;0.00;100.00
quicksort;test_3-5_0-7_232;0.00;100.00
quicksort;test_3-5_0-3_120;0.00;100.00
quicksort;test_3-5_0-9_299;0.00;100.00
quicksort;test_3-5_0-0_20;0.00;100.00
quicksort;test_3-5_0-2_86;0.00;100.00
quicksort;test_3-5_0-4_148;0.00;100.00
quicksort;test_3-5_0-5_151;0.00;100.00
quicksort;test_3-5_0-3_108;0.00;100.00
quicksort;test_3-5_0-3_112;0.00;100.00
quicksort;test_3-5_1-0_305;0.00;100.00
quicksort;test_3-5_0-7_238;0.00;100.00
quicksort;test_3-5_0-3_107;0.00;100.00
quicksort;test_3-5_0-6_193;0.00;100.00
quicksort;test_3-5_0-5_168;0.00;100.00
quicksort;test_3-5_0-9_285;0.00;100.00
quicksort;test_3-5_0-5_167;0.00;100.00
quicksort;test_3-5_0-2_81;0.00;100.00
quicksort;test_3-5_0-0_8;0.00;100.00
quicksort;test_3-5_0-4_125;0.00;100.00
quicksort;test_3-5_0-8_269;0.00;100.00
quicksort;test_3-5_1-0_307;0.00;100.00
quicksort;test_3-5_0-1_54;0.00;100.00
quicksort;test_3-5_0-5_152;0.00;100.00
quicksort;test_3-5_0-8_260;0.00;100.00
quicksort;test_3-5_0-3_94;0.00;100.00
quicksort;test_3-5_0-3_103;0.00;100.00
quicksort;test_3-5_0-7_229;0.00;100.00
quicksort;test_3-5_0-4_142;0.00;100.00
quicksort;test_3-5_0-5_160;0.00;100.00
quicksort;test_3-5_0-7_215;0.00;100.00
quicksort;test_3-5_0-6_186;0.00;100.00
quicksort;test_3-5_0-3_96;0.00;100.00
quicksort;test_3-5_0-6_199;0.00;100.00
quicksort;test_3-5_0-2_64;0.00;100.00
quicksort;test_3-5_0-3_110;0.00;100.00
quicksort;test_3-5_0-8_266;0.00;100.00
quicksort;test_3-5_0-1_49;0.00;100.00
quicksort;test_3-5_0-6_184;0.00;100.00
quicksort;test_3-5_0-3_106;0.00;100.00
quicksort;test_3-5_0-2_82;0.00;100.00
quicksort;test_3-5_0-4_134;0.00;100.00
quicksort;test_3-5_0-5_163;0.00;100.00
quicksort;test_3-5_0-7_216;0.00;100.00
quicksort;test_3-5_0-2_73;0.00;100.00
quicksort;test_3-5_0-6_204;0.00;100.00
quicksort;test_3-5_0-3_99;0.00;100.00
quicksort;test_3-5_0-5_169;0.00;100.00
quicksort;test_3-5_0-1_31;0.00;100.00
quicksort;test_3-5_0-4_146;0.00;100.00
quicksort;test_3-5_0-3_100;0.00;100.00
quicksort;test_3-5_0-1_40;0.00;100.00
quicksort;test_3-5_0-8_258;0.00;100.00
quicksort;test_3-5_0-4_131;0.00;100.00
quicksort;test_3-5_0-0_28;0.00;100.00
quicksort;test_3-5_1-0_323;0.00;100.00
quicksort;test_3-5_0-6_195;0.00;100.00
quicksort;test_3-5_0-8_265;0.00;100.00
quicksort;test_3-5_0-8_270;0.00;100.00
quicksort;test_3-5_0-3_109;0.00;100.00
quicksort;test_3-5_0-3_92;0.00;100.00
quicksort;test_3-5_0-4_126;0.00;100.00
quicksort;test_3-5_0-1_33;0.00;100.00
quicksort;test_3-5_0-6_188;0.00;100.00
quicksort;test_3-5_0-7_231;0.00;100.00
quicksort;test_3-5_0-0_25;0.00;100.00
quicksort;test_3-5_0-1_53;0.00;100.00
quicksort;test_3-5_0-0_9;0.00;100.00
quicksort;test_3-5_0-0_1;0.00;100.00
quicksort;test_3-5_0-3_113;0.00;100.00
quicksort;test_3-5_0-5_170;0.00;100.00
quicksort;test_3-5_0-0_29;0.00;100.00
quicksort;test_3-5_0-6_182;0.00;100.00
quicksort;test_3-5_0-5_161;0.00;100.00
quicksort;test_3-5_1-0_311;0.00;100.00
quicksort;test_3-5_0-7_239;0.00;100.00
quicksort;test_3-5_0-9_275;0.00;100.00
quicksort;test_3-5_0-1_42;0.00;100.00
quicksort;test_3-5_0-6_205;0.00;100.00
quicksort;test_3-5_1-0_327;0.00;100.00
quicksort;test_3-5_0-9_271;0.00;100.00
quicksort;test_3-5_0-0_14;0.00;100.00
quicksort;test_3-5_0-0_11;0.00;100.00
quicksort;test_3-5_0-1_37;0.00;100.00
quicksort;test_3-5_0-0_7;0.00;100.00
quicksort;test_3-5_0-9_290;0.00;100.00
quicksort;test_3-5_0-1_43;0.00;100.00
quicksort;test_3-5_0-1_44;0.00;100.00
quicksort;test_3-5_0-4_135;0.00;100.00
quicksort;test_3-5_0-9_298;0.00;100.00
quicksort;test_3-5_0-2_76;0.00;100.00
quicksort;test_3-5_0-7_228;0.00;100.00
quicksort;test_3-5_0-8_256;0.00;100.00
quicksort;test_3-5_0-4_147;0.00;100.00
quicksort;test_3-5_0-8_244;0.00;100.00
quicksort;test_3-5_0-5_164;0.00;100.00
quicksort;test_3-5_0-3_105;0.00;100.00
quicksort;test_3-5_1-0_302;0.00;100.00
quicksort;test_3-5_0-7_221;0.00;100.00
quicksort;test_3-5_0-1_41;0.00;100.00
quicksort;test_3-5_0-5_157;0.00;100.00
quicksort;test_3-5_0-4_145;0.00;100.00
quicksort;test_3-5_0-5_159;0.00;100.00
quicksort;test_3-5_0-4_136;0.00;100.00
quicksort;test_3-5_1-0_313;0.00;100.00
quicksort;test_3-5_0-3_117;0.00;100.00
quicksort;test_3-5_0-2_80;0.00;100.00
quicksort;test_3-5_0-9_288;0.00;100.00
quicksort;test_3-5_0-2_61;0.00;100.00
quicksort;test_3-5_0-7_218;0.00;100.00
quicksort;test_3-5_0-4_140;0.00;100.00
quicksort;test_3-5_0-0_12;0.00;100.00
quicksort;test_3-5_1-0_316;0.00;100.00
quicksort;test_3-5_0-4_124;0.00;100.00
quicksort;test_3-5_0-3_93;0.00;100.00
quicksort;test_3-5_0-0_18;0.00;100.00
quicksort;test_3-5_0-0_26;0.00;100.00
quicksort;test_3-5_0-1_60;0.00;100.00
quicksort;test_3-5_0-1_58;0.00;100.00
quicksort;test_3-5_0-2_75;0.00;100.00
quicksort;test_3-5_0-3_97;0.00;100.00
quicksort;test_3-5_0-0_30;0.00;100.00
quicksort;test_3-5_0-2_89;0.00;100.00
quicksort;test_3-5_0-4_128;0.00;100.00
quicksort;test_3-5_0-9_289;0.00;100.00
quicksort;test_3-5_0-5_173;0.00;100.00
quicksort;test_3-5_0-7_237;0.00;100.00
quicksort;test_3-5_0-1_52;0.00;100.00
quicksort;test_3-5_0-9_278;0.00;100.00
quicksort;test_3-5_0-6_191;0.00;100.00
quicksort;test_3-5_0-1_51;0.00;100.00
quicksort;test_3-5_0-6_208;0.00;100.00
quicksort;test_3-5_0-1_32;0.00;100.00
quicksort;test_3-5_0-3_101;0.00;100.00
quicksort;test_3-5_0-6_192;0.00;100.00
quicksort;test_3-5_0-4_138;0.00;100.00
quicksort;test_3-5_0-2_68;0.00;100.00
quicksort;test_3-5_0-5_155;0.00;100.00
quicksort;test_3-5_0-0_13;0.00;100.00
quicksort;test_3-5_0-5_158;0.00;100.00
quicksort;test_3-5_0-1_47;0.00;100.00
quicksort;test_3-5_0-1_39;0.00;100.00
quicksort;test_3-5_0-7_214;0.00;100.00
quicksort;test_3-5_0-2_63;0.00;100.00
quicksort;test_3-5_0-0_27;0.00;100.00
quicksort;test_3-5_0-7_240;0.00;100.00
quicksort;test_3-5_0-0_6;0.00;100.00
quicksort;test_3-5_0-4_141;0.00;100.00
quicksort;test_3-5_0-1_59;0.00;100.00
quicksort;test_3-5_0-5_174;0.00;100.00
quicksort;test_3-5_0-2_88;0.00;100.00
quicksort;test_3-5_0-9_282;0.00;100.00
quicksort;test_3-5_0-4_132;0.00;100.00
quicksort;test_3-5_0-9_280;0.00;100.00
quicksort;test_3-5_0-9_277;0.00;100.00
quicksort;test_3-5_0-4_129;0.00;100.00
quicksort;test_3-5_0-9_286;0.00;100.00
quicksort;test_3-5_0-6_189;0.00;100.00
quicksort;test_3-5_0-5_153;0.00;100.00
quicksort;test_3-5_0-1_57;0.00;100.00
quicksort;test_3-5_0-6_198;0.00;100.00
quicksort;test_3-5_0-2_71;0.00;100.00
quicksort;test_3-5_0-1_34;0.00;100.00
quicksort;test_3-5_0-6_190;0.00;100.00
quicksort;test_3-5_0-6_187;0.00;100.00
quicksort;test_3-5_0-2_66;0.00;100.00
quicksort;test_3-5_0-5_162;0.00;100.00
quicksort;test_3-5_0-1_55;0.00;100.00
quicksort;test_3-5_0-5_166;0.00;100.00
quicksort;test_3-5_0-8_261;0.00;100.00
quicksort;test_3-5_0-2_65;0.00;100.00
quicksort;test_3-5_1-0_318;0.00;100.00
quicksort;test_3-5_0-4_149;0.00;100.00
quicksort;test_3-5_0-5_156;0.00;100.00
quicksort;test_3-5_0-6_206;0.00;100.00
quicksort;test_3-5_0-2_74;0.00;100.00
quicksort;test_3-5_0-2_69;0.00;100.00
quicksort;test_3-5_0-2_72;0.00;100.00
quicksort;test_3-5_0-9_296;0.00;100.00
quicksort;test_3-5_0-2_84;0.00;100.00
quicksort;test_3-5_0-1_35;0.00;100.00
quicksort;test_3-5_0-9_295;0.00;100.00
quicksort;test_3-5_0-3_102;0.00;100.00
quicksort;test_3-5_0-2_85;0.00;100.00
quicksort;test_3-5_0-0_19;0.00;100.00
quicksort;test_3-5_0-2_79;0.00;100.00
quicksort;test_3-5_0-0_15;0.00;100.00
quicksort;test_3-5_0-0_21;0.00;100.00
quicksort;test_3-5_0-8_255;0.00;100.00
quicksort;test_3-5_0-7_234;0.00;100.00
quicksort;test_3-5_0-0_24;0.00;100.00
quicksort;test_3-5_0-8_246;0.00;100.00
quicksort;test_3-5_1-0_330;0.00;100.00
quicksort;test_3-5_0-0_2;0.00;100.00
quicksort;test_3-5_1-0_306;0.00;100.00
quicksort;test_3-5_0-1_38;0.00;100.00
quicksort;test_3-5_0-8_247;0.00;100.00
quicksort;test_3-5_0-6_209;0.00;100.00
