project;test file;line coverage;branch coverage
hamming;test_3-5_0-5_178;0.00;100.00
hamming;test_3-5_0-9_279;0.00;100.00
hamming;test_3-5_0-3_115;0.00;75.00
hamming;test_3-5_0-7_224;0.00;100.00
hamming;test_3-5_1-0_326;0.00;100.00
hamming;test_3-5_0-0_10;0.00;75.00
hamming;test_3-5_0-4_137;0.00;75.00
hamming;test_3-5_0-1_56;0.00;75.00
hamming;test_3-5_1-0_310;0.00;75.00
hamming;test_3-5_0-7_226;0.00;75.00
hamming;test_3-5_0-8_262;0.00;75.00
hamming;test_3-5_0-8_251;0.00;100.00
hamming;test_3-5_0-9_283;0.00;100.00
hamming;test_3-5_0-6_200;0.00;75.00
hamming;test_3-5_0-5_177;0.00;75.00
hamming;test_3-5_0-6_210;0.00;75.00
hamming;test_3-5_0-7_211;0.00;75.00
hamming;test_3-5_0-5_180;0.00;75.00
hamming;test_3-5_0-3_116;0.00;75.00
hamming;test_3-5_0-2_70;0.00;75.00
hamming;test_3-5_0-4_133;0.00;75.00
hamming;test_3-5_1-0_322;0.00;75.00
hamming;test_3-5_0-4_150;0.00;75.00
hamming;test_3-5_0-9_273;0.00;75.00
hamming;test_3-5_1-0_328;0.00;75.00
hamming;test_3-5_0-9_300;0.00;100.00
hamming;test_3-5_0-8_248;0.00;100.00
hamming;test_3-5_0-3_95;0.00;75.00
hamming;test_3-5_0-3_104;0.00;75.00
hamming;test_3-5_0-8_268;0.00;75.00
hamming;test_3-5_0-3_114;0.00;75.00
hamming;test_3-5_0-7_236;0.00;75.00
hamming;test_3-5_0-7_220;0.00;100.00
hamming;test_3-5_0-3_118;0.00;75.00
hamming;test_3-5_0-3_91;0.00;75.00
hamming;test_3-5_0-5_176;0.00;100.00
hamming;test_3-5_0-6_185;0.00;100.00
hamming;test_3-5_0-8_250;0.00;100.00
hamming;test_3-5_0-8_259;0.00;100.00
hamming;test_3-5_0-7_225;0.00;100.00
hamming;test_3-5_0-8_253;0.00;75.00
hamming;test_3-5_1-0_314;0.00;100.00
hamming;test_3-5_0-1_45;0.00;75.00
hamming;test_3-5_0-2_77;0.00;75.00
hamming;test_3-5_0-0_17;0.00;75.00
hamming;test_3-5_0-4_143;0.00;100.00
hamming;test_3-5_1-0_319;0.00;75.00
hamming;test_3-5_0-9_297;0.00;100.00
hamming;test_3-5_0-6_203;0.00;75.00
hamming;test_3-5_0-6_181;0.00;75.00
hamming;test_3-5_0-9_292;0.00;75.00
hamming;test_3-5_0-7_222;0.00;100.00
hamming;test_3-5_0-9_294;0.00;75.00
hamming;test_3-5_0-7_233;0.00;100.00
hamming;test_3-5_1-0_308;0.00;100.00
hamming;test_3-5_0-7_223;0.00;75.00
hamming;test_3-5_0-1_46;0.00;75.00
hamming;test_3-5_0-6_196;0.00;75.00
hamming;test_3-5_0-5_154;0.00;75.00
hamming;test_3-5_0-3_98;0.00;75.00
hamming;test_3-5_0-5_171;0.00;100.00
hamming;test_3-5_1-0_317;0.00;75.00
hamming;test_3-5_0-5_179;0.00;75.00
hamming;test_3-5_1-0_321;0.00;100.00
hamming;test_3-5_0-1_36;0.00;75.00
hamming;test_3-5_0-8_252;0.00;75.00
hamming;test_3-5_0-7_227;0.00;75.00
hamming;test_3-5_0-4_139;0.00;100.00
hamming;test_3-5_1-0_324;0.00;75.00
hamming;test_3-5_0-8_242;0.00;100.00
hamming;test_3-5_0-3_111;0.00;75.00
hamming;test_3-5_0-8_254;0.00;100.00
hamming;test_3-5_0-5_165;0.00;100.00
hamming;test_3-5_0-6_207;0.00;100.00
hamming;test_3-5_0-8_264;0.00;100.00
hamming;test_3-5_0-6_197;0.00;75.00
hamming;test_3-5_0-2_87;0.00;75.00
hamming;test_3-5_0-7_230;0.00;75.00
hamming;test_3-5_0-9_272;0.00;100.00
hamming;test_3-5_0-0_22;0.00;75.00
hamming;test_3-5_0-8_249;0.00;100.00
hamming;test_3-5_0-4_127;0.00;100.00
hamming;test_3-5_0-7_232;0.00;75.00
hamming;test_3-5_0-4_148;0.00;75.00
hamming;test_3-5_0-5_151;0.00;75.00
hamming;test_3-5_0-7_238;0.00;75.00
hamming;test_3-5_0-9_285;0.00;100.00
hamming;test_3-5_0-2_81;0.00;75.00
hamming;test_3-5_0-0_8;0.00;75.00
hamming;test_3-5_0-4_125;0.00;75.00
hamming;test_3-5_0-8_269;0.00;75.00
hamming;test_3-5_1-0_307;0.00;75.00
hamming;test_3-5_0-5_152;0.00;75.00
hamming;test_3-5_0-8_260;0.00;75.00
hamming;test_3-5_0-3_94;0.00;75.00
hamming;test_3-5_0-3_103;0.00;75.00
hamming;test_3-5_0-7_229;0.00;75.00
hamming;test_3-5_0-4_142;0.00;75.00
hamming;test_3-5_0-5_160;0.00;100.00
hamming;test_3-5_0-7_215;0.00;75.00
hamming;test_3-5_0-3_96;0.00;75.00
hamming;test_3-5_0-6_199;0.00;75.00
hamming;test_3-5_0-2_64;0.00;100.00
hamming;test_3-5_0-3_110;0.00;75.00
hamming;test_3-5_0-8_266;0.00;75.00
hamming;test_3-5_0-1_49;0.00;75.00
hamming;test_3-5_0-3_106;0.00;75.00
hamming;test_3-5_1-0_315;0.00;100.00
hamming;test_3-5_0-2_73;0.00;75.00
hamming;test_3-5_0-6_204;0.00;75.00
hamming;test_3-5_0-3_99;0.00;75.00
hamming;test_3-5_0-5_169;0.00;75.00
hamming;test_3-5_0-1_31;0.00;75.00
hamming;test_3-5_0-4_146;0.00;75.00
hamming;test_3-5_0-3_100;0.00;75.00
hamming;test_3-5_0-1_40;0.00;75.00
hamming;test_3-5_0-8_258;0.00;100.00
hamming;test_3-5_0-0_28;0.00;75.00
hamming;test_3-5_1-0_323;0.00;100.00
hamming;test_3-5_0-7_219;0.00;100.00
hamming;test_3-5_0-6_195;0.00;75.00
hamming;test_3-5_0-8_265;0.00;100.00
hamming;test_3-5_0-8_270;0.00;100.00
hamming;test_3-5_0-3_92;0.00;75.00
hamming;test_3-5_0-7_235;0.00;75.00
hamming;test_3-5_0-1_33;0.00;75.00
hamming;test_3-5_0-6_188;0.00;75.00
hamming;test_3-5_0-6_202;0.00;100.00
hamming;test_3-5_1-0_325;0.00;75.00
hamming;test_3-5_0-0_25;0.00;75.00
hamming;test_3-5_0-1_53;0.00;75.00
hamming;test_3-5_0-0_9;0.00;75.00
hamming;test_3-5_0-0_1;0.00;75.00
hamming;test_3-5_0-5_170;0.00;75.00
hamming;test_3-5_0-0_29;0.00;75.00
hamming;test_3-5_0-6_182;0.00;100.00
hamming;test_3-5_0-5_161;0.00;100.00
hamming;test_3-5_1-0_311;0.00;100.00
hamming;test_3-5_0-9_291;0.00;75.00
hamming;test_3-5_0-7_239;0.00;100.00
hamming;test_3-5_0-1_42;0.00;75.00
hamming;test_3-5_0-6_205;0.00;75.00
hamming;test_3-5_0-2_62;0.00;75.00
hamming;test_3-5_1-0_327;0.00;100.00
hamming;test_3-5_0-9_271;0.00;100.00
hamming;test_3-5_0-8_263;0.00;100.00
hamming;test_3-5_0-0_11;0.00;75.00
hamming;test_3-5_1-0_320;0.00;100.00
hamming;test_3-5_0-1_37;0.00;75.00
hamming;test_3-5_0-0_7;0.00;75.00
hamming;test_3-5_0-9_290;0.00;75.00
hamming;test_3-5_0-1_44;0.00;75.00
hamming;test_3-5_0-4_135;0.00;75.00
hamming;test_3-5_0-9_298;0.00;100.00
hamming;test_3-5_0-2_76;0.00;75.00
hamming;test_3-5_0-4_147;0.00;75.00
hamming;test_3-5_0-5_164;0.00;75.00
hamming;test_3-5_0-4_122;0.00;75.00
hamming;test_3-5_0-5_159;0.00;75.00
hamming;test_3-5_0-4_136;0.00;75.00
hamming;test_3-5_1-0_313;0.00;100.00
hamming;test_3-5_0-3_117;0.00;75.00
hamming;test_3-5_0-2_80;0.00;75.00
hamming;test_3-5_0-2_61;0.00;75.00
hamming;test_3-5_0-7_218;0.00;75.00
hamming;test_3-5_0-4_140;0.00;75.00
hamming;test_3-5_1-0_316;0.00;75.00
hamming;test_3-5_0-3_93;0.00;75.00
hamming;test_3-5_0-0_18;0.00;75.00
hamming;test_3-5_0-0_26;0.00;75.00
hamming;test_3-5_0-1_60;0.00;75.00
hamming;test_3-5_0-1_58;0.00;75.00
hamming;test_3-5_0-9_274;0.00;100.00
hamming;test_3-5_0-2_75;0.00;75.00
hamming;test_3-5_0-0_30;0.00;75.00
hamming;test_3-5_0-4_128;0.00;75.00
hamming;test_3-5_0-9_289;0.00;100.00
hamming;test_3-5_0-5_173;0.00;75.00
hamming;test_3-5_0-7_237;0.00;100.00
hamming;test_3-5_0-1_52;0.00;75.00
hamming;test_3-5_0-9_278;0.00;100.00
hamming;test_3-5_0-6_191;0.00;75.00
hamming;test_3-5_0-1_51;0.00;75.00
hamming;test_3-5_0-6_208;0.00;75.00
hamming;test_3-5_0-1_32;0.00;75.00
hamming;test_3-5_0-3_101;0.00;100.00
hamming;test_3-5_0-4_138;0.00;75.00
hamming;test_3-5_0-8_241;0.00;75.00
hamming;test_3-5_0-5_155;0.00;100.00
hamming;test_3-5_0-5_158;0.00;75.00
hamming;test_3-5_0-1_47;0.00;75.00
hamming;test_3-5_0-1_39;0.00;75.00
hamming;test_3-5_0-7_214;0.00;100.00
hamming;test_3-5_0-2_63;0.00;75.00
hamming;test_3-5_0-0_27;0.00;75.00
hamming;test_3-5_0-7_240;0.00;75.00
hamming;test_3-5_0-4_141;0.00;75.00
hamming;test_3-5_0-1_59;0.00;75.00
hamming;test_3-5_0-2_88;0.00;75.00
hamming;test_3-5_0-4_132;0.00;75.00
hamming;test_3-5_0-9_277;0.00;100.00
hamming;test_3-5_0-4_129;0.00;100.00
hamming;test_3-5_0-8_267;0.00;100.00
hamming;test_3-5_0-5_153;0.00;75.00
hamming;test_3-5_0-1_57;0.00;75.00
hamming;test_3-5_0-6_198;0.00;75.00
hamming;test_3-5_0-2_71;0.00;75.00
hamming;test_3-5_0-1_34;0.00;75.00
hamming;test_3-5_0-6_187;0.00;75.00
hamming;test_3-5_0-1_55;0.00;75.00
hamming;test_3-5_0-5_166;0.00;75.00
hamming;test_3-5_0-2_65;0.00;75.00
hamming;test_3-5_0-4_149;0.00;100.00
hamming;test_3-5_0-4_144;0.00;75.00
hamming;test_3-5_0-6_194;0.00;75.00
hamming;test_3-5_0-6_206;0.00;75.00
hamming;test_3-5_0-2_74;0.00;75.00
hamming;test_3-5_0-9_276;0.00;100.00
hamming;test_3-5_0-2_84;0.00;75.00
hamming;test_3-5_0-1_35;0.00;75.00
hamming;test_3-5_0-9_295;0.00;75.00
hamming;test_3-5_0-2_85;0.00;75.00
hamming;test_3-5_0-2_79;0.00;75.00
hamming;test_3-5_0-0_21;0.00;75.00
hamming;test_3-5_0-8_245;0.00;100.00
hamming;test_3-5_0-7_234;0.00;100.00
hamming;test_3-5_0-0_24;0.00;75.00
hamming;test_3-5_0-8_246;0.00;75.00
hamming;test_3-5_0-0_2;0.00;75.00
hamming;test_3-5_0-1_38;0.00;75.00
hamming;test_3-5_1-0_303;0.00;100.00
hamming;test_3-5_0-6_209;0.00;75.00
