project;test file;line coverage;branch coverage
priority-queue2;test_3-5_0-7_213;0.00;50.00
priority-queue2;test_3-5_0-3_115;0.00;50.00
priority-queue2;test_3-5_0-7_224;0.00;50.00
priority-queue2;test_3-5_1-0_326;0.00;50.00
priority-queue2;test_3-5_0-0_10;0.00;50.00
priority-queue2;test_3-5_0-4_137;0.00;50.00
priority-queue2;test_3-5_0-1_56;0.00;50.00
priority-queue2;test_3-5_0-8_257;0.00;50.00
priority-queue2;test_3-5_0-7_226;0.00;50.00
priority-queue2;test_3-5_0-2_78;0.00;50.00
priority-queue2;test_3-5_0-8_251;0.00;50.00
priority-queue2;test_3-5_0-9_283;0.00;50.00
priority-queue2;test_3-5_0-0_4;0.00;50.00
priority-queue2;test_3-5_0-6_200;0.00;50.00
priority-queue2;test_3-5_0-1_50;0.00;50.00
priority-queue2;test_3-5_0-6_183;0.00;50.00
priority-queue2;test_3-5_0-5_177;0.00;50.00
priority-queue2;test_3-5_0-6_210;0.00;50.00
priority-queue2;test_3-5_0-7_211;0.00;50.00
priority-queue2;test_3-5_0-5_180;0.00;50.00
priority-queue2;test_3-5_0-2_70;0.00;50.00
priority-queue2;test_3-5_1-0_322;0.00;50.00
priority-queue2;test_3-5_0-4_150;0.00;50.00
priority-queue2;test_3-5_0-9_273;0.00;50.00
priority-queue2;test_3-5_0-8_248;0.00;50.00
priority-queue2;test_3-5_0-3_95;0.00;50.00
priority-queue2;test_3-5_0-8_268;0.00;50.00
priority-queue2;test_3-5_0-3_114;0.00;50.00
priority-queue2;test_3-5_0-3_118;0.00;50.00
priority-queue2;test_3-5_0-1_48;0.00;50.00
priority-queue2;test_3-5_0-0_5;0.00;50.00
priority-queue2;test_3-5_0-3_91;0.00;50.00
priority-queue2;test_3-5_0-5_176;0.00;50.00
priority-queue2;test_3-5_0-2_90;0.00;50.00
priority-queue2;test_3-5_0-6_185;0.00;50.00
priority-queue2;test_3-5_0-8_259;0.00;50.00
priority-queue2;test_3-5_0-7_225;0.00;50.00
priority-queue2;test_3-5_0-4_130;0.00;50.00
priority-queue2;test_3-5_0-1_45;0.00;50.00
priority-queue2;test_3-5_0-2_77;0.00;50.00
priority-queue2;test_3-5_0-0_17;0.00;50.00
priority-queue2;test_3-5_1-0_312;0.00;50.00
priority-queue2;test_3-5_0-4_121;0.00;50.00
priority-queue2;test_3-5_1-0_319;0.00;50.00
priority-queue2;test_3-5_0-9_297;0.00;50.00
priority-queue2;test_3-5_0-6_203;0.00;50.00
priority-queue2;test_3-5_0-6_181;0.00;50.00
priority-queue2;test_3-5_0-9_292;0.00;50.00
priority-queue2;test_3-5_0-7_222;0.00;50.00
priority-queue2;test_3-5_0-7_233;0.00;50.00
priority-queue2;test_3-5_1-0_308;0.00;50.00
priority-queue2;test_3-5_0-7_223;0.00;50.00
priority-queue2;test_3-5_0-1_46;0.00;50.00
priority-queue2;test_3-5_0-2_67;0.00;50.00
priority-queue2;test_3-5_0-6_196;0.00;50.00
priority-queue2;test_3-5_0-5_154;0.00;50.00
priority-queue2;test_3-5_0-0_16;0.00;50.00
priority-queue2;test_3-5_1-0_321;0.00;50.00
priority-queue2;test_3-5_0-1_36;0.00;50.00
priority-queue2;test_3-5_0-8_252;0.00;50.00
priority-queue2;test_3-5_0-4_139;0.00;50.00
priority-queue2;test_3-5_1-0_324;0.00;50.00
priority-queue2;test_3-5_0-8_242;0.00;50.00
priority-queue2;test_3-5_0-0_23;0.00;50.00
priority-queue2;test_3-5_0-8_254;0.00;50.00
priority-queue2;test_3-5_0-6_207;0.00;50.00
priority-queue2;test_3-5_0-9_287;0.00;50.00
priority-queue2;test_3-5_0-8_264;0.00;50.00
priority-queue2;test_3-5_0-6_197;0.00;50.00
priority-queue2;test_3-5_0-2_87;0.00;50.00
priority-queue2;test_3-5_0-7_230;0.00;50.00
priority-queue2;test_3-5_0-9_272;0.00;50.00
priority-queue2;test_3-5_0-0_22;0.00;50.00
priority-queue2;test_3-5_0-8_249;0.00;50.00
priority-queue2;test_3-5_0-7_232;0.00;50.00
priority-queue2;test_3-5_0-3_120;0.00;50.00
priority-queue2;test_3-5_0-9_299;0.00;50.00
priority-queue2;test_3-5_0-7_217;0.00;50.00
priority-queue2;test_3-5_0-0_20;0.00;50.00
priority-queue2;test_3-5_0-2_86;0.00;50.00
priority-queue2;test_3-5_0-3_108;0.00;50.00
priority-queue2;test_3-5_0-3_112;0.00;50.00
priority-queue2;test_3-5_0-3_107;0.00;50.00
priority-queue2;test_3-5_0-6_193;0.00;50.00
priority-queue2;test_3-5_0-5_168;0.00;50.00
priority-queue2;test_3-5_0-9_285;0.00;50.00
priority-queue2;test_3-5_0-5_167;0.00;50.00
priority-queue2;test_3-5_0-2_81;0.00;50.00
priority-queue2;test_3-5_0-0_8;0.00;50.00
priority-queue2;test_3-5_0-4_125;0.00;50.00
priority-queue2;test_3-5_0-8_269;0.00;50.00
priority-queue2;test_3-5_1-0_307;0.00;50.00
priority-queue2;test_3-5_0-1_54;0.00;50.00
priority-queue2;test_3-5_0-8_260;0.00;50.00
priority-queue2;test_3-5_0-3_94;0.00;50.00
priority-queue2;test_3-5_0-3_103;0.00;50.00
priority-queue2;test_3-5_0-7_229;0.00;50.00
priority-queue2;test_3-5_0-4_142;0.00;50.00
priority-queue2;test_3-5_0-5_160;0.00;50.00
priority-queue2;test_3-5_0-7_215;0.00;50.00
priority-queue2;test_3-5_0-3_96;0.00;50.00
priority-queue2;test_3-5_1-0_309;0.00;50.00
priority-queue2;test_3-5_0-6_199;0.00;50.00
priority-queue2;test_3-5_0-2_64;0.00;50.00
priority-queue2;test_3-5_0-3_110;0.00;50.00
priority-queue2;test_3-5_0-8_266;0.00;50.00
priority-queue2;test_3-5_0-1_49;0.00;50.00
priority-queue2;test_3-5_0-3_106;0.00;50.00
priority-queue2;test_3-5_0-2_82;0.00;50.00
priority-queue2;test_3-5_0-6_201;0.00;50.00
priority-queue2;test_3-5_0-4_134;0.00;50.00
priority-queue2;test_3-5_0-5_163;0.00;50.00
priority-queue2;test_3-5_0-7_216;0.00;50.00
priority-queue2;test_3-5_0-2_73;0.00;50.00
priority-queue2;test_3-5_0-6_204;0.00;50.00
priority-queue2;test_3-5_0-3_99;0.00;50.00
priority-queue2;test_3-5_0-5_169;0.00;50.00
priority-queue2;test_3-5_0-1_31;0.00;50.00
priority-queue2;test_3-5_0-4_146;0.00;50.00
priority-queue2;test_3-5_0-3_100;0.00;50.00
priority-queue2;test_3-5_0-1_40;0.00;50.00
priority-queue2;test_3-5_0-8_258;0.00;50.00
priority-queue2;test_3-5_0-4_131;0.00;50.00
priority-queue2;test_3-5_0-0_28;0.00;50.00
priority-queue2;test_3-5_1-0_323;0.00;50.00
priority-queue2;test_3-5_0-6_195;0.00;50.00
priority-queue2;test_3-5_0-8_270;0.00;50.00
priority-queue2;test_3-5_0-3_109;0.00;50.00
priority-queue2;test_3-5_0-3_92;0.00;50.00
priority-queue2;test_3-5_0-7_235;0.00;50.00
priority-queue2;test_3-5_0-1_33;0.00;50.00
priority-queue2;test_3-5_0-6_202;0.00;50.00
priority-queue2;test_3-5_0-0_25;0.00;50.00
priority-queue2;test_3-5_0-1_53;0.00;50.00
priority-queue2;test_3-5_0-0_9;0.00;50.00
priority-queue2;test_3-5_0-0_1;0.00;50.00
priority-queue2;test_3-5_0-3_113;0.00;50.00
priority-queue2;test_3-5_0-5_170;0.00;50.00
priority-queue2;test_3-5_0-0_29;0.00;50.00
priority-queue2;test_3-5_0-6_182;0.00;50.00
priority-queue2;test_3-5_0-9_291;0.00;50.00
priority-queue2;test_3-5_0-7_239;0.00;50.00
priority-queue2;test_3-5_0-9_275;0.00;50.00
priority-queue2;test_3-5_0-1_42;0.00;50.00
priority-queue2;test_3-5_0-6_205;0.00;50.00
priority-queue2;test_3-5_0-2_62;0.00;50.00
priority-queue2;test_3-5_1-0_327;0.00;50.00
priority-queue2;test_3-5_0-0_14;0.00;50.00
priority-queue2;test_3-5_0-0_11;0.00;50.00
priority-queue2;test_3-5_1-0_320;0.00;50.00
priority-queue2;test_3-5_0-1_37;0.00;50.00
priority-queue2;test_3-5_0-0_7;0.00;50.00
priority-queue2;test_3-5_0-9_290;0.00;50.00
priority-queue2;test_3-5_0-1_43;0.00;50.00
priority-queue2;test_3-5_0-1_44;0.00;50.00
priority-queue2;test_3-5_0-4_135;0.00;50.00
priority-queue2;test_3-5_0-2_76;0.00;50.00
priority-queue2;test_3-5_0-8_256;0.00;50.00
priority-queue2;test_3-5_0-4_147;0.00;50.00
priority-queue2;test_3-5_0-8_244;0.00;50.00
priority-queue2;test_3-5_0-3_105;0.00;50.00
priority-queue2;test_3-5_0-7_221;0.00;50.00
priority-queue2;test_3-5_0-4_122;0.00;50.00
priority-queue2;test_3-5_0-1_41;0.00;50.00
priority-queue2;test_3-5_0-5_157;0.00;50.00
priority-queue2;test_3-5_0-4_145;0.00;50.00
priority-queue2;test_3-5_0-2_61;0.00;50.00
priority-queue2;test_3-5_0-4_140;0.00;50.00
priority-queue2;test_3-5_0-0_12;0.00;50.00
priority-queue2;test_3-5_1-0_316;0.00;50.00
priority-queue2;test_3-5_0-4_124;0.00;50.00
priority-queue2;test_3-5_0-3_93;0.00;50.00
priority-queue2;test_3-5_0-0_18;0.00;50.00
priority-queue2;test_3-5_0-0_26;0.00;50.00
priority-queue2;test_3-5_0-1_60;0.00;50.00
priority-queue2;test_3-5_0-1_58;0.00;50.00
priority-queue2;test_3-5_0-9_274;0.00;50.00
priority-queue2;test_3-5_0-2_75;0.00;50.00
priority-queue2;test_3-5_0-0_30;0.00;50.00
priority-queue2;test_3-5_0-2_89;0.00;50.00
priority-queue2;test_3-5_0-4_128;0.00;50.00
priority-queue2;test_3-5_0-9_289;0.00;50.00
priority-queue2;test_3-5_0-7_237;0.00;50.00
priority-queue2;test_3-5_0-1_52;0.00;50.00
priority-queue2;test_3-5_0-9_278;0.00;50.00
priority-queue2;test_3-5_0-1_51;0.00;50.00
priority-queue2;test_3-5_0-6_208;0.00;50.00
priority-queue2;test_3-5_0-3_101;0.00;50.00
priority-queue2;test_3-5_0-6_192;0.00;50.00
priority-queue2;test_3-5_0-4_138;0.00;50.00
priority-queue2;test_3-5_0-8_241;0.00;50.00
priority-queue2;test_3-5_0-2_68;0.00;50.00
priority-queue2;test_3-5_0-0_13;0.00;50.00
priority-queue2;test_3-5_0-5_158;0.00;50.00
priority-queue2;test_3-5_0-1_47;0.00;50.00
priority-queue2;test_3-5_0-1_39;0.00;50.00
priority-queue2;test_3-5_0-0_27;0.00;50.00
priority-queue2;test_3-5_0-7_240;0.00;50.00
priority-queue2;test_3-5_0-0_6;0.00;50.00
priority-queue2;test_3-5_0-4_141;0.00;50.00
priority-queue2;test_3-5_0-5_174;0.00;50.00
priority-queue2;test_3-5_0-2_88;0.00;50.00
priority-queue2;test_3-5_0-8_243;0.00;50.00
priority-queue2;test_3-5_0-4_132;0.00;50.00
priority-queue2;test_3-5_0-4_129;0.00;50.00
priority-queue2;test_3-5_0-9_286;0.00;50.00
priority-queue2;test_3-5_0-8_267;0.00;50.00
priority-queue2;test_3-5_0-5_153;0.00;50.00
priority-queue2;test_3-5_0-1_57;0.00;50.00
priority-queue2;test_3-5_0-2_71;0.00;50.00
priority-queue2;test_3-5_0-1_34;0.00;50.00
priority-queue2;test_3-5_0-6_190;0.00;50.00
priority-queue2;test_3-5_0-6_187;0.00;50.00
priority-queue2;test_3-5_0-2_66;0.00;50.00
priority-queue2;test_3-5_0-5_162;0.00;50.00
priority-queue2;test_3-5_0-1_55;0.00;50.00
priority-queue2;test_3-5_0-5_166;0.00;50.00
priority-queue2;test_3-5_0-8_261;0.00;50.00
priority-queue2;test_3-5_0-2_65;0.00;50.00
priority-queue2;test_3-5_1-0_318;0.00;50.00
priority-queue2;test_3-5_0-4_149;0.00;50.00
priority-queue2;test_3-5_0-4_144;0.00;50.00
priority-queue2;test_3-5_0-5_156;0.00;50.00
priority-queue2;test_3-5_0-6_194;0.00;50.00
priority-queue2;test_3-5_0-6_206;0.00;50.00
priority-queue2;test_3-5_0-2_74;0.00;50.00
priority-queue2;test_3-5_0-2_69;0.00;50.00
priority-queue2;test_3-5_0-2_72;0.00;50.00
priority-queue2;test_3-5_0-9_296;0.00;50.00
priority-queue2;test_3-5_0-2_84;0.00;50.00
priority-queue2;test_3-5_0-1_35;0.00;50.00
priority-queue2;test_3-5_0-9_295;0.00;50.00
priority-queue2;test_3-5_0-3_102;0.00;50.00
priority-queue2;test_3-5_0-2_85;0.00;50.00
priority-queue2;test_3-5_0-0_19;0.00;50.00
priority-queue2;test_3-5_0-0_15;0.00;50.00
priority-queue2;test_3-5_0-0_21;0.00;50.00
priority-queue2;test_3-5_0-8_245;0.00;50.00
priority-queue2;test_3-5_0-8_255;0.00;50.00
priority-queue2;test_3-5_0-0_24;0.00;50.00
priority-queue2;test_3-5_0-8_246;0.00;50.00
priority-queue2;test_3-5_1-0_330;0.00;50.00
priority-queue2;test_3-5_0-0_2;0.00;50.00
priority-queue2;test_3-5_0-3_119;0.00;50.00
priority-queue2;test_3-5_1-0_306;0.00;50.00
priority-queue2;test_3-5_0-1_38;0.00;50.00
priority-queue2;test_3-5_1-0_303;0.00;50.00
priority-queue2;test_3-5_0-8_247;0.00;50.00
