project;test file;line coverage;branch coverage
convert-base;test_3-5_0-2_83;0.00;100.00
convert-base;test_3-5_0-3_114;0.00;87.50
convert-base;test_3-5_0-6_185;0.00;87.50
convert-base;test_3-5_0-8_250;0.00;87.50
convert-base;test_3-5_1-0_314;0.00;100.00
convert-base;test_3-5_0-6_181;0.00;100.00
convert-base;test_3-5_0-8_242;0.00;100.00
convert-base;test_3-5_0-3_111;0.00;100.00
convert-base;test_3-5_0-9_272;0.00;62.50
convert-base;test_3-5_0-8_249;0.00;100.00
convert-base;test_3-5_0-7_232;0.00;100.00
convert-base;test_3-5_0-7_217;0.00;62.50
convert-base;test_3-5_0-3_112;0.00;100.00
convert-base;test_3-5_0-5_167;0.00;100.00
convert-base;test_3-5_0-2_81;0.00;100.00
convert-base;test_3-5_0-7_215;0.00;62.50
convert-base;test_3-5_0-3_96;0.00;87.50
convert-base;test_3-5_0-5_163;0.00;100.00
convert-base;test_3-5_0-5_169;0.00;100.00
convert-base;test_3-5_0-1_40;0.00;100.00
convert-base;test_3-5_0-4_131;0.00;75.00
convert-base;test_3-5_0-6_202;0.00;87.50
convert-base;test_3-5_0-5_170;0.00;100.00
convert-base;test_3-5_0-9_275;0.00;100.00
convert-base;test_3-5_0-6_205;0.00;100.00
convert-base;test_3-5_1-0_327;0.00;62.50
convert-base;test_3-5_0-8_263;0.00;87.50
convert-base;test_3-5_0-9_298;0.00;62.50
convert-base;test_3-5_0-8_256;0.00;62.50
convert-base;test_3-5_0-7_221;0.00;62.50
convert-base;test_3-5_0-4_145;0.00;100.00
convert-base;test_3-5_0-6_192;0.00;100.00
convert-base;test_3-5_0-4_138;0.00;62.50
convert-base;test_3-5_0-8_267;0.00;87.50
convert-base;test_3-5_0-4_149;0.00;100.00
convert-base;test_3-5_0-8_246;0.00;87.50
convert-base;test_3-5_1-0_303;0.00;100.00
