project;test file;line coverage;branch coverage
rabin-karp;test_3-5_0-5_178;0.00;91.67
rabin-karp;test_3-5_0-9_279;0.00;100.00
rabin-karp;test_3-5_0-7_224;0.00;91.67
rabin-karp;test_3-5_0-0_10;0.00;91.67
rabin-karp;test_3-5_1-0_310;0.00;91.67
rabin-karp;test_3-5_0-9_283;0.00;91.67
rabin-karp;test_3-5_0-6_200;0.00;91.67
rabin-karp;test_3-5_0-6_183;0.00;91.67
rabin-karp;test_3-5_0-5_177;0.00;91.67
rabin-karp;test_3-5_0-6_210;0.00;91.67
rabin-karp;test_3-5_0-5_180;0.00;91.67
rabin-karp;test_3-5_0-8_248;0.00;91.67
rabin-karp;test_3-5_1-0_301;0.00;91.67
rabin-karp;test_3-5_0-2_77;0.00;91.67
rabin-karp;test_3-5_1-0_312;0.00;100.00
rabin-karp;test_3-5_0-6_181;0.00;91.67
rabin-karp;test_3-5_0-9_294;0.00;91.67
rabin-karp;test_3-5_1-0_317;0.00;91.67
rabin-karp;test_3-5_0-5_179;0.00;91.67
rabin-karp;test_3-5_0-5_175;0.00;91.67
rabin-karp;test_3-5_0-0_23;0.00;91.67
rabin-karp;test_3-5_0-8_254;0.00;91.67
rabin-karp;test_3-5_0-6_207;0.00;91.67
rabin-karp;test_3-5_0-8_249;0.00;91.67
rabin-karp;test_3-5_0-5_151;0.00;100.00
rabin-karp;test_3-5_0-5_167;0.00;100.00
rabin-karp;test_3-5_0-8_269;0.00;91.67
rabin-karp;test_3-5_1-0_307;0.00;91.67
rabin-karp;test_3-5_0-3_103;0.00;91.67
rabin-karp;test_3-5_1-0_309;0.00;91.67
rabin-karp;test_3-5_0-2_64;0.00;91.67
rabin-karp;test_3-5_0-3_106;0.00;91.67
rabin-karp;test_3-5_0-5_163;0.00;91.67
rabin-karp;test_3-5_1-0_315;0.00;91.67
rabin-karp;test_3-5_0-4_131;0.00;100.00
rabin-karp;test_3-5_1-0_323;0.00;91.67
rabin-karp;test_3-5_0-7_231;0.00;100.00
rabin-karp;test_3-5_1-0_325;0.00;91.67
rabin-karp;test_3-5_0-5_170;0.00;91.67
rabin-karp;test_3-5_0-9_291;0.00;91.67
rabin-karp;test_3-5_0-2_62;0.00;100.00
rabin-karp;test_3-5_0-9_271;0.00;91.67
rabin-karp;test_3-5_0-8_244;0.00;91.67
rabin-karp;test_3-5_1-0_302;0.00;91.67
rabin-karp;test_3-5_0-4_122;0.00;91.67
rabin-karp;test_3-5_0-1_41;0.00;91.67
rabin-karp;test_3-5_0-5_157;0.00;91.67
rabin-karp;test_3-5_0-9_288;0.00;91.67
rabin-karp;test_3-5_1-0_316;0.00;91.67
rabin-karp;test_3-5_0-4_124;0.00;91.67
rabin-karp;test_3-5_0-9_274;0.00;91.67
rabin-karp;test_3-5_0-2_75;0.00;91.67
rabin-karp;test_3-5_0-4_138;0.00;91.67
rabin-karp;test_3-5_0-2_68;0.00;91.67
rabin-karp;test_3-5_0-5_155;0.00;91.67
rabin-karp;test_3-5_0-5_158;0.00;91.67
rabin-karp;test_3-5_0-9_282;0.00;91.67
rabin-karp;test_3-5_0-9_277;0.00;91.67
rabin-karp;test_3-5_0-6_189;0.00;91.67
rabin-karp;test_3-5_0-2_71;0.00;91.67
rabin-karp;test_3-5_0-1_34;0.00;91.67
rabin-karp;test_3-5_0-6_187;0.00;91.67
rabin-karp;test_3-5_1-0_318;0.00;91.67
rabin-karp;test_3-5_0-6_194;0.00;100.00
rabin-karp;test_3-5_0-9_276;0.00;91.67
rabin-karp;test_3-5_0-8_255;0.00;91.67
rabin-karp;test_3-5_0-7_234;0.00;91.67
rabin-karp;test_3-5_1-0_306;0.00;91.67
rabin-karp;test_3-5_1-0_303;0.00;91.67
rabin-karp;test_3-5_0-8_247;0.00;91.67
