project;test file;line coverage;branch coverage
hashmap;test_3-5_0-7_213;0.00;63.64
hashmap;test_3-5_0-9_279;0.00;68.18
hashmap;test_3-5_0-3_115;0.00;77.27
hashmap;test_3-5_0-7_224;0.00;81.82
hashmap;test_3-5_0-8_257;0.00;63.64
hashmap;test_3-5_1-0_310;0.00;86.36
hashmap;test_3-5_1-0_329;0.00;86.36
hashmap;test_3-5_0-6_200;0.00;86.36
hashmap;test_3-5_0-5_177;0.00;86.36
hashmap;test_3-5_0-6_210;0.00;81.82
hashmap;test_3-5_0-5_180;0.00;86.36
hashmap;test_3-5_0-3_116;0.00;86.36
hashmap;test_3-5_0-2_70;0.00;77.27
hashmap;test_3-5_1-0_322;0.00;77.27
hashmap;test_3-5_0-9_284;0.00;86.36
hashmap;test_3-5_0-9_273;0.00;77.27
hashmap;test_3-5_1-0_328;0.00;72.73
hashmap;test_3-5_0-9_300;0.00;81.82
hashmap;test_3-5_0-8_248;0.00;72.73
hashmap;test_3-5_0-8_268;0.00;81.82
hashmap;test_3-5_0-7_220;0.00;77.27
hashmap;test_3-5_0-3_91;0.00;77.27
hashmap;test_3-5_0-8_259;0.00;45.45
hashmap;test_3-5_1-0_314;0.00;72.73
hashmap;test_3-5_1-0_312;0.00;86.36
hashmap;test_3-5_0-9_297;0.00;86.36
hashmap;test_3-5_0-6_203;0.00;72.73
hashmap;test_3-5_0-6_181;0.00;86.36
hashmap;test_3-5_0-9_292;0.00;86.36
hashmap;test_3-5_0-7_223;0.00;77.27
hashmap;test_3-5_0-5_172;0.00;86.36
hashmap;test_3-5_0-5_179;0.00;77.27
hashmap;test_3-5_1-0_321;0.00;77.27
hashmap;test_3-5_0-4_139;0.00;81.82
hashmap;test_3-5_1-0_324;0.00;86.36
hashmap;test_3-5_0-0_23;0.00;86.36
hashmap;test_3-5_0-5_165;0.00;72.73
hashmap;test_3-5_0-6_207;0.00;86.36
hashmap;test_3-5_0-0_3;0.00;77.27
hashmap;test_3-5_0-9_272;0.00;86.36
hashmap;test_3-5_0-4_127;0.00;86.36
hashmap;test_3-5_0-7_232;0.00;86.36
hashmap;test_3-5_0-5_151;0.00;86.36
hashmap;test_3-5_0-3_112;0.00;86.36
hashmap;test_3-5_1-0_305;0.00;72.73
hashmap;test_3-5_0-7_238;0.00;86.36
hashmap;test_3-5_0-9_285;0.00;77.27
hashmap;test_3-5_0-5_167;0.00;72.73
hashmap;test_3-5_0-2_81;0.00;77.27
hashmap;test_3-5_0-0_8;0.00;86.36
hashmap;test_3-5_0-4_125;0.00;86.36
hashmap;test_3-5_1-0_307;0.00;86.36
hashmap;test_3-5_0-5_152;0.00;77.27
hashmap;test_3-5_0-8_260;0.00;86.36
hashmap;test_3-5_0-4_142;0.00;86.36
hashmap;test_3-5_0-5_160;0.00;72.73
hashmap;test_3-5_0-7_215;0.00;72.73
hashmap;test_3-5_1-0_309;0.00;68.18
hashmap;test_3-5_0-2_64;0.00;86.36
hashmap;test_3-5_0-3_110;0.00;86.36
hashmap;test_3-5_0-8_266;0.00;77.27
hashmap;test_3-5_0-6_184;0.00;77.27
hashmap;test_3-5_0-7_216;0.00;86.36
hashmap;test_3-5_0-6_204;0.00;77.27
hashmap;test_3-5_0-1_40;0.00;86.36
hashmap;test_3-5_0-8_258;0.00;68.18
hashmap;test_3-5_0-6_195;0.00;72.73
hashmap;test_3-5_0-8_265;0.00;86.36
hashmap;test_3-5_0-8_270;0.00;86.36
hashmap;test_3-5_0-6_188;0.00;72.73
hashmap;test_3-5_0-0_25;0.00;77.27
hashmap;test_3-5_0-3_113;0.00;68.18
hashmap;test_3-5_0-6_182;0.00;72.73
hashmap;test_3-5_1-0_311;0.00;86.36
hashmap;test_3-5_0-9_275;0.00;81.82
hashmap;test_3-5_0-9_281;0.00;86.36
hashmap;test_3-5_0-6_205;0.00;86.36
hashmap;test_3-5_0-9_271;0.00;77.27
hashmap;test_3-5_0-8_263;0.00;72.73
hashmap;test_3-5_0-0_11;0.00;86.36
hashmap;test_3-5_0-9_290;0.00;77.27
hashmap;test_3-5_0-1_43;0.00;77.27
hashmap;test_3-5_0-1_44;0.00;86.36
hashmap;test_3-5_0-2_76;0.00;72.73
hashmap;test_3-5_0-7_228;0.00;86.36
hashmap;test_3-5_0-8_256;0.00;77.27
hashmap;test_3-5_0-5_164;0.00;86.36
hashmap;test_3-5_1-0_302;0.00;77.27
hashmap;test_3-5_0-4_122;0.00;86.36
hashmap;test_3-5_0-7_218;0.00;63.64
hashmap;test_3-5_0-4_140;0.00;86.36
hashmap;test_3-5_0-4_124;0.00;72.73
hashmap;test_3-5_0-0_18;0.00;77.27
hashmap;test_3-5_0-0_26;0.00;77.27
hashmap;test_3-5_0-9_274;0.00;77.27
hashmap;test_3-5_0-4_128;0.00;72.73
hashmap;test_3-5_0-9_289;0.00;77.27
hashmap;test_3-5_0-9_278;0.00;86.36
hashmap;test_3-5_0-6_208;0.00;86.36
hashmap;test_3-5_0-1_32;0.00;86.36
hashmap;test_3-5_0-6_192;0.00;77.27
hashmap;test_3-5_0-5_155;0.00;86.36
hashmap;test_3-5_0-1_39;0.00;77.27
hashmap;test_3-5_0-7_240;0.00;77.27
hashmap;test_3-5_0-8_243;0.00;72.73
hashmap;test_3-5_0-9_282;0.00;50.00
hashmap;test_3-5_0-9_280;0.00;72.73
hashmap;test_3-5_0-4_129;0.00;77.27
hashmap;test_3-5_0-9_286;0.00;86.36
hashmap;test_3-5_0-8_267;0.00;86.36
hashmap;test_3-5_0-6_189;0.00;77.27
hashmap;test_3-5_0-1_34;0.00;77.27
hashmap;test_3-5_0-6_190;0.00;86.36
hashmap;test_3-5_0-5_162;0.00;77.27
hashmap;test_3-5_0-2_65;0.00;72.73
hashmap;test_3-5_0-5_156;0.00;72.73
hashmap;test_3-5_0-6_194;0.00;81.82
hashmap;test_3-5_0-2_69;0.00;86.36
hashmap;test_3-5_0-2_72;0.00;77.27
hashmap;test_3-5_0-9_276;0.00;86.36
hashmap;test_3-5_0-0_19;0.00;86.36
hashmap;test_3-5_0-8_245;0.00;77.27
hashmap;test_3-5_0-8_255;0.00;86.36
hashmap;test_3-5_0-8_246;0.00;86.36
hashmap;test_3-5_1-0_330;0.00;81.82
hashmap;test_3-5_0-0_2;0.00;77.27
hashmap;test_3-5_1-0_303;0.00;72.73
hashmap;test_3-5_0-8_247;0.00;72.73
hashmap;test_3-5_0-6_209;0.00;77.27
