project;test file;line coverage;branch coverage
complement;test_3-5_0-2_83;0.00;100.00
complement;test_3-5_0-7_224;0.00;100.00
complement;test_3-5_1-0_326;0.00;100.00
complement;test_3-5_0-0_10;0.00;100.00
complement;test_3-5_0-1_56;0.00;100.00
complement;test_3-5_0-7_226;0.00;100.00
complement;test_3-5_0-2_78;0.00;100.00
complement;test_3-5_0-4_123;0.00;100.00
complement;test_3-5_0-0_4;0.00;100.00
complement;test_3-5_0-6_200;0.00;100.00
complement;test_3-5_0-6_183;0.00;100.00
complement;test_3-5_0-5_177;0.00;100.00
complement;test_3-5_0-5_180;0.00;100.00
complement;test_3-5_0-2_70;0.00;100.00
complement;test_3-5_0-4_133;0.00;100.00
complement;test_3-5_1-0_322;0.00;100.00
complement;test_3-5_0-9_284;0.00;100.00
complement;test_3-5_0-4_150;0.00;100.00
complement;test_3-5_1-0_328;0.00;100.00
complement;test_3-5_0-9_300;0.00;100.00
complement;test_3-5_0-8_268;0.00;100.00
complement;test_3-5_0-3_114;0.00;100.00
complement;test_3-5_0-7_220;0.00;100.00
complement;test_3-5_0-3_118;0.00;100.00
complement;test_3-5_0-1_48;0.00;100.00
complement;test_3-5_0-2_90;0.00;100.00
complement;test_3-5_0-6_185;0.00;100.00
complement;test_3-5_0-8_259;0.00;100.00
complement;test_3-5_0-7_225;0.00;100.00
complement;test_3-5_0-8_253;0.00;100.00
complement;test_3-5_1-0_314;0.00;100.00
complement;test_3-5_0-2_77;0.00;100.00
complement;test_3-5_0-0_17;0.00;100.00
complement;test_3-5_0-4_143;0.00;100.00
complement;test_3-5_0-4_121;0.00;100.00
complement;test_3-5_1-0_319;0.00;100.00
complement;test_3-5_0-9_292;0.00;100.00
complement;test_3-5_0-7_222;0.00;100.00
complement;test_3-5_0-9_294;0.00;100.00
complement;test_3-5_0-7_233;0.00;100.00
complement;test_3-5_1-0_308;0.00;100.00
complement;test_3-5_0-7_223;0.00;100.00
complement;test_3-5_0-1_46;0.00;100.00
complement;test_3-5_0-2_67;0.00;100.00
complement;test_3-5_0-5_172;0.00;100.00
complement;test_3-5_0-5_154;0.00;100.00
complement;test_3-5_0-3_98;0.00;100.00
complement;test_3-5_0-0_16;0.00;100.00
complement;test_3-5_1-0_317;0.00;100.00
complement;test_3-5_0-5_179;0.00;100.00
complement;test_3-5_1-0_321;0.00;100.00
complement;test_3-5_0-1_36;0.00;100.00
complement;test_3-5_0-7_227;0.00;100.00
complement;test_3-5_0-4_139;0.00;100.00
complement;test_3-5_0-5_175;0.00;100.00
complement;test_3-5_0-8_242;0.00;100.00
complement;test_3-5_0-5_165;0.00;100.00
complement;test_3-5_0-8_264;0.00;100.00
complement;test_3-5_0-0_3;0.00;100.00
complement;test_3-5_0-9_272;0.00;100.00
complement;test_3-5_0-0_22;0.00;100.00
complement;test_3-5_0-8_249;0.00;100.00
complement;test_3-5_0-7_212;0.00;100.00
complement;test_3-5_0-7_232;0.00;100.00
complement;test_3-5_0-9_299;0.00;100.00
complement;test_3-5_0-7_217;0.00;100.00
complement;test_3-5_0-2_86;0.00;100.00
complement;test_3-5_0-4_148;0.00;100.00
complement;test_3-5_0-3_108;0.00;100.00
complement;test_3-5_0-3_112;0.00;100.00
complement;test_3-5_0-7_238;0.00;100.00
complement;test_3-5_0-6_193;0.00;100.00
complement;test_3-5_0-5_168;0.00;100.00
complement;test_3-5_0-2_81;0.00;100.00
complement;test_3-5_0-0_8;0.00;100.00
complement;test_3-5_0-8_269;0.00;100.00
complement;test_3-5_0-1_54;0.00;100.00
complement;test_3-5_0-3_103;0.00;100.00
complement;test_3-5_0-5_160;0.00;100.00
complement;test_3-5_0-3_96;0.00;100.00
complement;test_3-5_1-0_309;0.00;100.00
complement;test_3-5_0-2_64;0.00;100.00
complement;test_3-5_0-3_110;0.00;100.00
complement;test_3-5_0-1_49;0.00;100.00
complement;test_3-5_0-6_184;0.00;100.00
complement;test_3-5_0-2_82;0.00;100.00
complement;test_3-5_0-6_201;0.00;100.00
complement;test_3-5_0-7_216;0.00;100.00
complement;test_3-5_0-2_73;0.00;100.00
complement;test_3-5_0-3_99;0.00;100.00
complement;test_3-5_0-5_169;0.00;100.00
complement;test_3-5_0-1_31;0.00;100.00
complement;test_3-5_0-4_146;0.00;100.00
complement;test_3-5_0-1_40;0.00;100.00
complement;test_3-5_0-8_258;0.00;100.00
complement;test_3-5_0-4_131;0.00;100.00
complement;test_3-5_1-0_323;0.00;100.00
complement;test_3-5_0-6_195;0.00;100.00
complement;test_3-5_0-3_92;0.00;100.00
complement;test_3-5_0-7_235;0.00;100.00
complement;test_3-5_0-4_126;0.00;100.00
complement;test_3-5_0-1_33;0.00;100.00
complement;test_3-5_0-6_202;0.00;100.00
complement;test_3-5_0-1_53;0.00;100.00
complement;test_3-5_0-5_170;0.00;100.00
complement;test_3-5_0-0_29;0.00;100.00
complement;test_3-5_0-9_275;0.00;100.00
complement;test_3-5_0-1_42;0.00;100.00
complement;test_3-5_0-9_281;0.00;100.00
complement;test_3-5_0-2_62;0.00;100.00
complement;test_3-5_0-0_14;0.00;100.00
complement;test_3-5_0-8_263;0.00;100.00
complement;test_3-5_1-0_320;0.00;100.00
complement;test_3-5_0-1_37;0.00;100.00
complement;test_3-5_0-0_7;0.00;100.00
complement;test_3-5_0-9_290;0.00;100.00
complement;test_3-5_0-1_43;0.00;100.00
complement;test_3-5_0-1_44;0.00;100.00
complement;test_3-5_0-4_135;0.00;100.00
complement;test_3-5_1-0_304;0.00;100.00
complement;test_3-5_0-4_147;0.00;100.00
complement;test_3-5_0-8_244;0.00;100.00
complement;test_3-5_0-3_105;0.00;100.00
complement;test_3-5_1-0_302;0.00;100.00
complement;test_3-5_0-1_41;0.00;100.00
complement;test_3-5_0-4_136;0.00;100.00
complement;test_3-5_0-3_117;0.00;100.00
complement;test_3-5_0-2_80;0.00;100.00
complement;test_3-5_0-9_288;0.00;100.00
complement;test_3-5_0-2_61;0.00;100.00
complement;test_3-5_0-7_218;0.00;100.00
complement;test_3-5_0-0_12;0.00;100.00
complement;test_3-5_1-0_316;0.00;100.00
complement;test_3-5_0-4_124;0.00;100.00
complement;test_3-5_0-3_93;0.00;100.00
complement;test_3-5_0-1_58;0.00;100.00
complement;test_3-5_0-9_274;0.00;100.00
complement;test_3-5_0-2_75;0.00;100.00
complement;test_3-5_0-0_30;0.00;100.00
complement;test_3-5_0-2_89;0.00;100.00
complement;test_3-5_0-5_173;0.00;100.00
complement;test_3-5_0-7_237;0.00;100.00
complement;test_3-5_0-1_52;0.00;100.00
complement;test_3-5_0-9_278;0.00;100.00
complement;test_3-5_0-6_191;0.00;100.00
complement;test_3-5_0-1_51;0.00;100.00
complement;test_3-5_0-6_208;0.00;100.00
complement;test_3-5_0-3_101;0.00;100.00
complement;test_3-5_0-2_68;0.00;100.00
complement;test_3-5_0-0_13;0.00;100.00
complement;test_3-5_0-1_47;0.00;100.00
complement;test_3-5_0-2_63;0.00;100.00
complement;test_3-5_0-0_27;0.00;100.00
complement;test_3-5_0-7_240;0.00;100.00
complement;test_3-5_0-0_6;0.00;100.00
complement;test_3-5_0-5_174;0.00;100.00
complement;test_3-5_0-2_88;0.00;100.00
complement;test_3-5_0-8_243;0.00;100.00
complement;test_3-5_0-4_132;0.00;100.00
complement;test_3-5_0-9_280;0.00;100.00
complement;test_3-5_0-4_129;0.00;100.00
complement;test_3-5_0-8_267;0.00;100.00
complement;test_3-5_0-6_189;0.00;100.00
complement;test_3-5_0-5_153;0.00;100.00
complement;test_3-5_0-1_57;0.00;100.00
complement;test_3-5_0-6_187;0.00;100.00
complement;test_3-5_0-2_66;0.00;100.00
complement;test_3-5_0-1_55;0.00;100.00
complement;test_3-5_0-2_65;0.00;100.00
complement;test_3-5_1-0_318;0.00;100.00
complement;test_3-5_0-4_149;0.00;100.00
complement;test_3-5_0-4_144;0.00;100.00
complement;test_3-5_0-2_69;0.00;100.00
complement;test_3-5_0-2_72;0.00;100.00
complement;test_3-5_0-9_276;0.00;100.00
complement;test_3-5_0-9_296;0.00;100.00
complement;test_3-5_0-2_84;0.00;100.00
complement;test_3-5_0-1_35;0.00;100.00
complement;test_3-5_0-3_102;0.00;100.00
complement;test_3-5_0-2_85;0.00;100.00
complement;test_3-5_0-0_15;0.00;100.00
complement;test_3-5_0-0_21;0.00;100.00
complement;test_3-5_0-8_255;0.00;100.00
complement;test_3-5_0-7_234;0.00;100.00
complement;test_3-5_0-0_24;0.00;100.00
complement;test_3-5_0-8_246;0.00;100.00
complement;test_3-5_1-0_330;0.00;100.00
complement;test_3-5_0-0_2;0.00;100.00
complement;test_3-5_1-0_306;0.00;100.00
complement;test_3-5_0-8_247;0.00;100.00
