project;test file;line coverage;branch coverage
priority-queue1;test_3-5_0-7_213;0.00;70.00
priority-queue1;test_3-5_0-8_257;0.00;70.00
priority-queue1;test_3-5_1-0_322;0.00;70.00
priority-queue1;test_3-5_0-8_268;0.00;70.00
priority-queue1;test_3-5_0-6_185;0.00;70.00
priority-queue1;test_3-5_1-0_314;0.00;70.00
priority-queue1;test_3-5_0-5_175;0.00;70.00
priority-queue1;test_3-5_0-9_272;0.00;70.00
priority-queue1;test_3-5_0-8_249;0.00;70.00
priority-queue1;test_3-5_0-5_151;0.00;70.00
priority-queue1;test_3-5_0-4_125;0.00;70.00
priority-queue1;test_3-5_0-6_184;0.00;70.00
priority-queue1;test_3-5_0-9_298;0.00;70.00
priority-queue1;test_3-5_0-9_288;0.00;70.00
priority-queue1;test_3-5_0-9_278;0.00;70.00
priority-queue1;test_3-5_0-3_101;0.00;70.00
priority-queue1;test_3-5_0-5_174;0.00;70.00
priority-queue1;test_3-5_0-8_267;0.00;70.00
