project;test file;line coverage;branch coverage
mergesort;test_3-5_0-5_178;0.00;100.00
mergesort;test_3-5_0-9_279;0.00;100.00
mergesort;test_3-5_1-0_326;0.00;100.00
mergesort;test_3-5_0-0_10;0.00;100.00
mergesort;test_3-5_0-4_137;0.00;100.00
mergesort;test_3-5_0-8_257;0.00;100.00
mergesort;test_3-5_0-7_226;0.00;100.00
mergesort;test_3-5_1-0_329;0.00;100.00
mergesort;test_3-5_0-2_78;0.00;100.00
mergesort;test_3-5_0-8_262;0.00;100.00
mergesort;test_3-5_0-0_4;0.00;100.00
mergesort;test_3-5_0-6_200;0.00;100.00
mergesort;test_3-5_0-6_183;0.00;100.00
mergesort;test_3-5_0-6_210;0.00;100.00
mergesort;test_3-5_0-7_211;0.00;100.00
mergesort;test_3-5_0-5_180;0.00;100.00
mergesort;test_3-5_0-3_116;0.00;100.00
mergesort;test_3-5_0-2_70;0.00;100.00
mergesort;test_3-5_1-0_322;0.00;100.00
mergesort;test_3-5_0-9_284;0.00;100.00
mergesort;test_3-5_0-4_150;0.00;100.00
mergesort;test_3-5_0-9_273;0.00;100.00
mergesort;test_3-5_0-3_104;0.00;100.00
mergesort;test_3-5_0-8_268;0.00;100.00
mergesort;test_3-5_0-3_114;0.00;100.00
mergesort;test_3-5_0-7_236;0.00;100.00
mergesort;test_3-5_0-3_118;0.00;100.00
mergesort;test_3-5_0-0_5;0.00;100.00
mergesort;test_3-5_0-5_176;0.00;100.00
mergesort;test_3-5_0-8_250;0.00;100.00
mergesort;test_3-5_0-8_259;0.00;100.00
mergesort;test_3-5_0-7_225;0.00;100.00
mergesort;test_3-5_0-4_130;0.00;100.00
mergesort;test_3-5_0-0_17;0.00;100.00
mergesort;test_3-5_0-4_121;0.00;100.00
mergesort;test_3-5_0-6_203;0.00;100.00
mergesort;test_3-5_0-6_181;0.00;100.00
mergesort;test_3-5_0-9_292;0.00;100.00
mergesort;test_3-5_0-9_294;0.00;100.00
mergesort;test_3-5_0-7_233;0.00;100.00
mergesort;test_3-5_1-0_308;0.00;100.00
mergesort;test_3-5_0-2_67;0.00;100.00
mergesort;test_3-5_0-5_172;0.00;100.00
mergesort;test_3-5_0-5_154;0.00;100.00
mergesort;test_3-5_0-0_16;0.00;100.00
mergesort;test_3-5_0-5_179;0.00;100.00
mergesort;test_3-5_1-0_321;0.00;100.00
mergesort;test_3-5_0-8_252;0.00;100.00
mergesort;test_3-5_1-0_324;0.00;100.00
mergesort;test_3-5_0-5_175;0.00;100.00
mergesort;test_3-5_0-3_111;0.00;100.00
mergesort;test_3-5_0-7_230;0.00;100.00
mergesort;test_3-5_0-9_272;0.00;100.00
mergesort;test_3-5_0-8_249;0.00;100.00
mergesort;test_3-5_0-7_212;0.00;100.00
mergesort;test_3-5_0-7_217;0.00;100.00
mergesort;test_3-5_0-2_86;0.00;100.00
mergesort;test_3-5_0-4_148;0.00;100.00
mergesort;test_3-5_0-3_108;0.00;100.00
mergesort;test_3-5_0-7_238;0.00;100.00
mergesort;test_3-5_0-5_168;0.00;100.00
mergesort;test_3-5_0-9_285;0.00;100.00
mergesort;test_3-5_0-4_125;0.00;100.00
mergesort;test_3-5_1-0_307;0.00;100.00
mergesort;test_3-5_0-8_260;0.00;100.00
mergesort;test_3-5_0-3_94;0.00;100.00
mergesort;test_3-5_0-3_103;0.00;100.00
mergesort;test_3-5_0-4_142;0.00;100.00
mergesort;test_3-5_0-5_160;0.00;100.00
mergesort;test_3-5_0-6_186;0.00;100.00
mergesort;test_3-5_1-0_309;0.00;100.00
mergesort;test_3-5_0-2_64;0.00;100.00
mergesort;test_3-5_0-3_110;0.00;100.00
mergesort;test_3-5_0-1_49;0.00;100.00
mergesort;test_3-5_0-3_106;0.00;100.00
mergesort;test_3-5_0-2_82;0.00;100.00
mergesort;test_3-5_0-4_134;0.00;100.00
mergesort;test_3-5_0-7_216;0.00;100.00
mergesort;test_3-5_1-0_315;0.00;100.00
mergesort;test_3-5_0-6_204;0.00;100.00
mergesort;test_3-5_0-5_169;0.00;100.00
mergesort;test_3-5_0-1_31;0.00;100.00
mergesort;test_3-5_0-4_146;0.00;100.00
mergesort;test_3-5_0-8_258;0.00;100.00
mergesort;test_3-5_0-4_131;0.00;100.00
mergesort;test_3-5_0-6_195;0.00;100.00
mergesort;test_3-5_0-8_265;0.00;100.00
mergesort;test_3-5_0-8_270;0.00;100.00
mergesort;test_3-5_0-7_235;0.00;100.00
mergesort;test_3-5_0-7_231;0.00;100.00
mergesort;test_3-5_0-6_202;0.00;100.00
mergesort;test_3-5_0-0_25;0.00;100.00
mergesort;test_3-5_0-1_53;0.00;100.00
mergesort;test_3-5_0-0_9;0.00;100.00
mergesort;test_3-5_0-0_1;0.00;100.00
mergesort;test_3-5_0-3_113;0.00;100.00
mergesort;test_3-5_0-5_170;0.00;100.00
mergesort;test_3-5_0-6_182;0.00;100.00
mergesort;test_3-5_0-5_161;0.00;100.00
mergesort;test_3-5_1-0_311;0.00;100.00
mergesort;test_3-5_0-7_239;0.00;100.00
mergesort;test_3-5_0-9_271;0.00;100.00
mergesort;test_3-5_0-8_263;0.00;100.00
mergesort;test_3-5_0-0_7;0.00;100.00
mergesort;test_3-5_0-1_44;0.00;100.00
mergesort;test_3-5_1-0_304;0.00;100.00
mergesort;test_3-5_0-4_147;0.00;100.00
mergesort;test_3-5_0-8_244;0.00;100.00
mergesort;test_3-5_1-0_302;0.00;100.00
mergesort;test_3-5_0-5_157;0.00;100.00
mergesort;test_3-5_0-5_159;0.00;100.00
mergesort;test_3-5_0-2_80;0.00;100.00
mergesort;test_3-5_0-9_288;0.00;100.00
mergesort;test_3-5_0-7_218;0.00;100.00
mergesort;test_3-5_0-4_140;0.00;100.00
mergesort;test_3-5_0-4_124;0.00;100.00
mergesort;test_3-5_0-0_18;0.00;100.00
mergesort;test_3-5_0-0_26;0.00;100.00
mergesort;test_3-5_0-1_60;0.00;100.00
mergesort;test_3-5_0-3_97;0.00;100.00
mergesort;test_3-5_0-9_289;0.00;100.00
mergesort;test_3-5_0-7_237;0.00;100.00
mergesort;test_3-5_0-9_278;0.00;100.00
mergesort;test_3-5_0-6_208;0.00;100.00
mergesort;test_3-5_0-6_192;0.00;100.00
mergesort;test_3-5_0-4_138;0.00;100.00
mergesort;test_3-5_0-2_68;0.00;100.00
mergesort;test_3-5_0-5_155;0.00;100.00
mergesort;test_3-5_0-1_39;0.00;100.00
mergesort;test_3-5_0-7_214;0.00;100.00
mergesort;test_3-5_0-0_27;0.00;100.00
mergesort;test_3-5_0-4_141;0.00;100.00
mergesort;test_3-5_0-5_174;0.00;100.00
mergesort;test_3-5_0-2_88;0.00;100.00
mergesort;test_3-5_0-9_282;0.00;100.00
mergesort;test_3-5_0-8_267;0.00;100.00
mergesort;test_3-5_0-6_189;0.00;100.00
mergesort;test_3-5_0-6_198;0.00;100.00
mergesort;test_3-5_0-6_190;0.00;100.00
mergesort;test_3-5_0-6_187;0.00;100.00
mergesort;test_3-5_0-5_166;0.00;100.00
mergesort;test_3-5_0-8_261;0.00;100.00
mergesort;test_3-5_0-4_149;0.00;100.00
mergesort;test_3-5_0-4_144;0.00;100.00
mergesort;test_3-5_0-6_194;0.00;100.00
mergesort;test_3-5_0-2_74;0.00;100.00
mergesort;test_3-5_0-2_69;0.00;100.00
mergesort;test_3-5_0-2_72;0.00;100.00
mergesort;test_3-5_0-9_276;0.00;100.00
mergesort;test_3-5_0-2_84;0.00;100.00
mergesort;test_3-5_0-9_295;0.00;100.00
mergesort;test_3-5_0-3_102;0.00;100.00
mergesort;test_3-5_0-2_79;0.00;100.00
mergesort;test_3-5_0-7_234;0.00;100.00
mergesort;test_3-5_0-8_246;0.00;100.00
mergesort;test_3-5_0-0_2;0.00;100.00
mergesort;test_3-5_1-0_306;0.00;100.00
mergesort;test_3-5_0-1_38;0.00;100.00
mergesort;test_3-5_1-0_303;0.00;100.00
mergesort;test_3-5_0-8_247;0.00;100.00
